income,credit_score,loan_amount,job_experience,assets_value,existing_loan_amount,approval
56557,729,681569,16,9452779,764794,1
46032,592,2908874,23,6783342,0,0
117154,691,2368270,30,589447,0,1
36676,668,371924,12,2215243,66576,1
293736,556,2745016,32,2155451,0,1
43730,408,2599415,19,3598288,147206,1
79491,707,3857963,16,2529955,192189,1
51830,591,2630992,26,112240,0,1
35821,626,8669215,31,7160895,0,0
144374,764,1728287,3,1290573,114702,1
76663,611,119709,23,8343531,1282785,1
71442,592,1942593,20,474292,461852,1
64357,710,8883130,16,203632,3344677,0
189894,532,1110025,26,23863342,496004,1
72229,779,3845719,12,914517,184866,1
59680,824,9400514,10,7189286,442470,0
78238,651,363012,34,323730,186239,1
343873,656,8553453,26,1613653,501470,1
30675,839,116756,3,1274325,4627311,1
277072,724,6655329,25,7221320,43677,1
178531,888,6753903,35,13000338,64424,1
48765,889,1504900,30,2313505,130552,1
53764,663,443504,0,4235615,0,1
40455,621,124897,25,229510,155559,1
140778,807,3752034,14,5982871,81513,1
41965,350,5728300,22,4243754,0,0
88238,819,2138766,32,2698620,197942,1
49931,778,127688,21,8658580,0,1
33641,582,9532373,0,407628,1293574,0
119483,810,5677100,10,8129924,0,1
118296,638,8278390,0,23584228,504195,1
44008,805,1771881,20,7742697,872492,1
58870,770,453571,1,7422415,639459,1
79532,722,2228894,13,186213,0,1
108490,307,5552622,11,2256992,3067866,0
44110,582,307526,28,358400,0,1
65669,811,835291,14,9065456,0,1
177192,722,487004,15,409924,0,1
113063,869,226093,33,419618,147461,1
95835,598,4079101,12,379178,0,1
32036,606,2776439,17,21271966,0,1
99355,546,280653,24,209939,61934,1
50892,618,3592114,1,1166844,1313713,0
75553,307,216454,21,2295525,655141,1
44281,486,1388667,35,22879438,475591,1
61301,834,2270213,2,220950,484145,1
151865,585,535353,16,251024,0,1
46193,790,1172974,32,20149759,310983,1
252216,708,3173488,29,7839458,2357021,1
83117,781,314968,12,1890433,218575,1
40499,585,2448456,0,23931058,3203265,1
34418,888,871695,26,491399,0,1
70704,368,8637302,16,6327973,1059294,0
49821,832,2538680,18,2912288,1851953,1
64677,532,3927061,18,222552,141725,0
41634,709,1412310,9,3416667,618959,1
85397,322,723678,5,96181,1426459,0
34803,790,1663860,12,108489,67151,1
40970,656,3049033,30,3465673,0,1
40652,770,9916656,14,23605754,1897068,1
111209,877,870450,33,9478682,14303,1
102548,555,379935,20,19362792,0,1
68140,698,4303503,18,229916,176648,0
35752,760,1641082,34,1741761,595659,1
36677,845,237223,6,16169434,165563,1
34070,737,8579097,26,12263028,335944,1
30887,668,1017881,26,2538288,0,1
62580,388,357928,14,639031,89041,1
46628,816,2293133,22,2540910,3490146,1
190203,808,213300,0,1848945,130103,1
73536,486,215432,9,17238035,0,1
47999,677,478704,2,1811142,0,1
42892,897,2571193,18,4925651,866915,1
195501,868,7794725,26,14428221,0,1
32600,652,6091605,19,1667635,0,0
484120,522,9839352,1,166595,0,1
61747,633,847953,0,293090,136180,0
91623,618,2202390,32,1901115,689781,1
33857,750,9621410,27,3377818,4952955,0
37334,897,1310942,10,21949252,70313,1
56048,314,346794,24,187268,142552,1
35979,781,1850713,27,853651,350346,1
62268,717,8931107,29,409991,166487,0
115112,659,7029603,2,21337479,41799,1
50381,640,5819255,8,12042342,4297643,1
67728,800,408669,12,165709,1332352,1
31971,898,903714,14,13467012,0,1
144105,660,1269130,22,15664831,0,1
44806,448,9723905,13,8354896,3184320,0
168339,690,3402075,19,9027358,215274,1
58356,611,559232,27,8129694,203705,1
41761,643,3341783,16,1764681,1447425,0
190585,471,2342106,12,253824,1263196,0
127041,870,1679032,25,391344,0,1
56248,663,5749901,10,19718016,848024,1
90175,390,2250506,8,1242264,459257,1
57836,364,736986,5,6476134,0,1
92639,649,1791925,14,274454,1751365,0
36441,629,8590103,33,164635,1779531,0
146900,480,5732905,2,14564266,1717227,1
32853,531,139068,4,429195,1364451,0
168685,722,1757299,3,1483909,0,1
52497,688,1144370,2,4817181,0,1
60361,730,2464378,17,16984749,329814,1
45744,896,168351,10,2324706,477691,1
37934,566,7247021,1,3848350,675799,0
117838,866,1673627,29,4005829,1873433,1
87125,808,7694479,4,173471,1907574,0
49187,684,534397,18,1907356,166862,1
49671,565,6515163,8,20572261,1531899,1
110355,843,1008625,13,3166227,0,1
53330,761,2524970,30,1039247,55357,1
39968,766,2073834,23,248644,1925496,0
32953,597,4403242,11,2816628,0,0
46770,326,3819824,19,3673304,1889866,0
80194,758,4465452,23,219781,0,1
87822,795,1096515,13,9749783,21637,1
62544,859,5239394,11,95448,0,0
44318,718,1396448,19,5699704,1495124,1
138907,564,8144797,25,203277,156824,1
163284,775,2716463,28,170941,0,1
58279,888,658132,32,307302,150012,1
43984,686,695767,28,4628718,14842,1
32479,582,794595,14,1863551,1548957,1
118331,781,2830149,26,2562679,0,1
60520,546,347764,18,1809128,1129847,0
203659,449,4193371,20,3216428,21877,1
55135,881,576510,12,4398014,162028,1
105978,453,7091348,33,135768,698253,0
65498,657,9258943,9,327005,0,0
37401,592,174880,1,1228306,62088,1
68561,839,361954,3,2951150,334164,1
50002,716,517667,21,3590385,589199,1
128814,690,174050,6,9576513,19607,1
59474,818,6026672,3,1615604,0,0
188358,429,342425,14,121284,1557702,0
101353,833,8901543,4,486714,4057999,0
102529,769,4034627,7,2677597,270617,1
165139,667,1736848,24,6475266,0,1
100226,857,5003637,3,1031796,1429279,1
52970,874,271250,21,2818579,0,1
91276,574,101668,20,275976,196166,1
67577,553,1716888,17,13922387,1024496,1
51767,321,455688,3,21119683,68640,1
52873,891,8732332,28,16840626,0,1
64687,658,6094127,22,1762361,430685,0
116122,527,4345522,26,14435320,87170,1
59991,633,150661,19,274474,402959,1
136048,650,342040,29,64356,769823,1
119774,513,357957,33,211138,0,1
40873,750,163289,29,156905,206012,1
47452,864,1223187,9,554080,79562,1
36362,681,1811395,12,1304923,0,1
68778,612,503355,31,5878676,1090920,1
44198,608,1507938,30,1445497,657747,1
45819,515,2648945,31,14942450,0,1
270480,601,3296833,2,85310,254757,1
77093,641,2517979,34,3844181,1699936,1
77403,507,5003319,16,89160,0,0
43066,741,974230,22,3166177,1053336,1
73280,385,8289721,22,4894574,3874108,0
72197,658,128254,25,852908,681981,1
74525,641,258407,15,3630849,919944,1
279489,870,4222651,20,4481434,0,1
42279,622,5296255,6,394386,81743,0
289484,635,4119432,0,130988,195135,0
62906,722,3655305,24,120044,0,1
66974,712,1342601,0,169456,450035,0
119640,764,8879001,1,4199700,1236816,0
82675,346,266788,0,932653,0,0
37086,466,6799533,6,21920065,4035551,1
71049,664,998703,9,24049236,847442,1
112084,793,6072850,6,4792960,0,1
81419,793,6001786,25,477916,0,0
189595,614,1624599,28,11179450,1231856,1
103353,611,6378364,20,284361,70842,0
107272,856,732828,17,5580740,0,1
49623,589,1850786,22,11017487,50334,1
57861,368,4779303,26,392651,1997390,0
39471,706,5893564,28,9821536,1462613,0
42629,803,1284159,2,8854663,0,1
50482,539,9299692,25,916484,136263,0
44261,756,7257970,22,890216,355702,0
48581,630,1154755,4,639715,0,1
34749,834,8546780,29,354686,514083,0
47777,333,4777045,3,18230723,0,1
45759,346,3178957,35,100665,1460637,0
142090,827,861276,6,1707825,2130432,1
46446,767,8174126,23,5374938,297481,0
67548,399,144030,19,75806,137456,1
477125,544,386191,0,972948,4948668,1
183319,879,4777039,1,4688304,0,1
193090,596,6448275,26,1996283,318053,1
42141,345,6571191,34,1128877,205917,0
31760,775,3445844,15,4720365,305581,1
106007,860,1199235,18,1042855,125014,1
72178,875,969481,16,8616222,0,1
44446,332,3743091,35,304686,76742,0
63270,832,7987780,22,13260316,1924315,1
65317,788,161396,11,3245179,0,1
49665,851,4315989,28,4635251,2498592,0
222932,575,2606063,20,15835122,0,1
227691,752,1712213,22,17432746,4182331,1
34081,403,779943,0,972033,0,0
50612,567,3549148,11,18363539,1966205,1
42666,611,145847,31,294701,79085,1
78255,566,4457292,26,1392248,0,1
47369,714,1767586,14,1493327,4969736,1
37637,898,3960149,20,190478,0,0
53448,880,2673620,24,6730129,190366,1
153867,804,3975492,5,6317125,0,1
88429,581,1799992,20,342463,0,1
55072,783,9199201,11,14532297,291687,1
263965,713,2993426,31,1598799,86913,1
95841,752,462731,12,5243560,249471,1
122937,857,6725121,28,2285272,0,1
44581,778,3145111,31,7795956,76792,1
107342,605,394020,18,4403481,987859,1
118098,876,473869,0,4904605,433931,1
114844,446,1250489,22,1881429,0,1
32957,809,7445830,24,4942225,758101,0
166859,885,3889331,2,14985641,0,1
34610,823,5084736,26,336530,0,0
72992,785,700715,4,8232293,576743,1
36543,390,3247140,11,8605163,0,0
88995,771,9388860,3,6711227,1004483,0
40894,632,8459633,7,3148030,3827732,0
33124,872,2072663,28,11212009,0,1
68802,402,4568355,25,170987,0,0
167806,778,341322,30,16977004,0,1
146391,887,8373607,4,1961364,917902,1
99513,879,9196116,14,14345048,170202,1
167604,727,1874954,3,413661,661055,1
120951,809,9606399,10,1446543,937150,0
39201,522,4192401,28,6250491,1220074,0
59920,367,495249,3,14425455,637447,1
162651,748,8947134,8,894642,0,1
76593,627,344469,8,381564,165060,1
38152,668,130122,12,1648872,0,1
208310,548,2057890,34,315624,304687,0
66865,553,452845,20,2097765,146140,1
100626,893,9600110,18,1340027,0,0
228493,593,7388995,23,66241,1609731,1
32047,655,104700,23,1867521,120025,1
122322,839,5995086,5,7719041,2636362,1
46393,782,7284481,17,149013,1960730,0
65629,823,9434417,32,4363901,702307,0
243064,800,5828472,29,592572,4237449,1
46223,729,3687664,19,351212,1330975,0
35189,845,1212292,24,1114868,524468,1
65755,900,3191783,1,17480216,114584,1
60915,708,6614744,17,2176861,633044,0
64149,894,1449779,17,243395,0,1
38146,507,3714283,31,1464889,0,0
46036,619,5002241,26,364884,169318,0
47614,773,1146473,27,2051658,4809590,1
73962,825,7913287,28,17082204,0,1
43901,667,457892,7,3795145,1127101,1
104759,734,9833253,6,7842761,1946240,0
39206,552,3679855,31,4296707,40512,0
46989,766,3212931,1,1423213,0,0
31494,622,1819901,15,4803618,171895,1
56709,520,223339,0,1323049,529332,0
135946,431,254250,21,2569848,186789,1
235722,649,3061733,0,21268282,1128281,1
76855,636,345227,6,1122293,0,1
67502,849,5159066,2,23908372,547065,1
40032,815,655525,32,2721493,1813541,1
53469,726,4465064,10,3578677,86187,0
105634,682,7842189,4,9849295,164575,1
31913,665,122042,20,193776,0,1
113975,856,367724,21,1897415,3842948,1
62059,619,3863716,7,76644,0,0
259124,590,6561706,3,419238,0,1
46440,746,1426880,13,1704664,78422,1
77289,828,4634496,25,309651,1001884,1
45320,644,209211,19,6934364,1922303,1
50990,504,204977,14,1587276,1701270,0
61055,898,7044731,1,600363,137410,0
34419,642,3375540,15,252882,66115,0
274562,518,256622,15,11946636,0,1
58342,715,678624,27,4144545,324502,1
38069,478,1566946,12,210960,0,0
70984,713,3154573,13,1731928,0,1
116848,701,1359447,3,1496121,116253,1
75470,733,427281,17,3175681,26436,1
49906,889,448759,10,4285617,787823,1
46822,513,1993281,26,4817136,172824,1
46081,793,8864963,11,921397,352521,0
69523,724,4803566,33,258883,4894797,0
87523,729,807430,14,79578,343333,1
74086,836,7589681,29,14586951,1490233,1
93891,633,115132,12,253094,0,1
66980,747,8530549,28,15897495,0,1
35642,579,4372999,30,185072,1889526,0
161467,647,2933919,20,3185672,505045,1
38509,654,286790,28,181425,0,1
68956,560,8019083,32,607036,171986,0
32249,849,456523,30,60591,12708,1
72522,310,6890539,33,4162942,1659807,0
37047,756,2492466,26,5943042,78434,1
118719,651,107328,24,945711,0,1
55802,797,1646651,0,1855387,1051663,1
225714,564,3225349,16,12843084,1174036,1
78223,585,2720364,33,3391776,193641,1
99878,806,2317037,9,1610561,2377466,1
49848,868,7805185,9,194171,2004658,0
61948,621,7969578,24,7681358,2872264,0
39238,742,274097,32,4047016,580338,1
59339,576,1837286,10,8882647,136024,1
139651,784,5614782,35,1377716,0,1
94457,768,1099231,11,3952394,669677,1
91387,802,310778,30,6161280,379674,1
78706,528,7567875,9,4036496,0,0
160219,616,7936920,24,10215869,0,1
43482,741,267802,14,15046256,0,1
119158,662,313411,16,1546414,401635,1
44699,601,2431747,19,1011382,0,1
32644,697,130744,32,6631951,198583,1
71923,708,1117708,19,4387924,0,1
424213,801,9496476,12,2531141,0,1
114491,669,1962575,30,1484446,613388,1
288927,605,8988107,3,2780148,115241,1
194916,438,379415,16,539318,0,1
112692,739,2891582,25,5694140,0,1
99662,707,4428784,8,24735300,757992,1
74890,500,1860505,1,6976515,1409562,0
77406,843,1103054,29,310795,0,1
35076,755,1320501,35,24871969,0,1
44356,501,177860,29,20031780,0,1
55439,592,173680,22,313324,345109,1
67368,789,2428368,32,3219633,577935,1
57143,836,1903646,4,19242704,463101,1
99537,620,1941065,25,3965888,2767425,1
111218,729,3801443,8,133608,20765,1
87229,536,423543,8,1500711,47096,1
328752,897,882772,32,1774809,177254,1
189843,732,3517369,20,1764236,0,1
436853,692,280580,7,267663,21129,1
51055,586,351798,23,12626982,0,1
315343,702,1170337,4,5403314,1163910,1
161801,656,1128378,4,11621322,745330,1
162473,741,811515,28,285518,4147330,0
47701,662,1261866,20,2552864,1296394,1
45154,616,1787092,18,839045,0,1
53303,711,1736384,28,5756406,70099,1
31763,829,759351,24,11083412,168191,1
61465,711,303179,23,74472,0,1
44308,671,4073650,27,4076589,660863,0
357321,823,1135030,16,1584591,599789,1
171347,711,9238592,1,961391,75437,1
114705,725,769596,4,1239509,1943525,1
30367,531,859352,21,198525,0,0
71608,646,1694708,12,1456870,123216,1
39078,397,8443801,20,2694633,0,0
73709,743,1961365,23,7169859,0,1
397040,664,5582419,28,193880,0,1
298272,580,420663,0,130506,0,0
129318,771,1998684,27,17562488,4673929,1
80842,792,1451510,6,911860,0,1
48892,647,375157,19,124233,0,1
87688,840,278541,20,109478,56534,1
34137,783,1057985,6,1233954,104559,1
51530,592,8847720,16,160420,0,0
30509,564,990562,35,907506,92608,1
35396,870,7621762,32,3208694,427515,0
62012,638,6691901,0,1660559,130908,0
270214,807,3193036,10,7425038,320141,1
387213,394,974893,33,1994059,74336,1
48646,485,4315537,25,1807723,4953559,0
118678,875,418059,17,1693275,0,1
38885,767,1138088,19,412162,3867767,1
49136,900,1781631,15,8730962,64688,1
47842,841,1886675,34,8510842,2716439,1
39455,513,1365711,11,252247,0,0
50821,895,3886230,10,1281030,1069976,0
449289,646,3644919,16,9445652,77048,1
157860,389,3496654,17,3436550,60970,1
41601,814,1852553,22,477430,154631,1
53450,694,1159391,18,15872121,407615,1
110537,696,9921469,21,1350672,0,0
73951,595,1343135,16,154155,0,1
170839,826,5486155,28,1512423,272483,1
36927,566,3938111,35,78249,2660615,0
51031,728,3384653,0,75100,1379822,0
170598,843,1956280,31,285791,0,1
72779,515,1338328,22,19710423,0,1
35431,340,1085521,20,482808,160396,0
271904,743,8944620,17,5455115,527367,1
47356,470,877067,0,175735,357767,0
117485,887,959281,18,2755398,0,1
85825,424,2588212,18,439164,746378,0
33010,659,681321,27,3691920,0,1
31146,618,178022,17,240553,4255902,1
30520,646,936605,21,135333,392397,0
464541,714,3893949,34,9525806,0,1
59031,626,5913744,11,148178,4515010,0
38310,812,9949839,0,1840863,90616,0
46910,798,4339810,13,1028651,0,0
117968,778,430716,23,3113405,128193,1
244005,795,6522293,4,1049393,151737,1
227664,846,4184409,13,176119,0,1
156568,787,1496071,34,320271,0,1
57902,896,3113536,28,896390,81665,1
55877,583,6304614,33,12356391,133080,1
33356,530,1905778,27,856830,0,0
31909,529,1100906,2,1105659,0,1
41996,514,3267039,4,4194971,0,0
41850,655,151326,14,4398962,0,1
114574,592,3427725,25,1244806,1634179,0
36989,682,264508,8,946142,74018,1
52846,642,9823206,35,14872501,0,1
93407,840,6758270,9,1237357,0,0
90563,847,4202765,29,240895,0,1
37894,840,3209053,34,4371709,2862911,0
67175,812,3292942,29,9413805,2268102,1
43109,655,8746757,6,876914,92191,0
387835,506,2016843,11,906439,0,1
183334,719,395055,12,14605890,0,1
244483,385,1960462,22,1565350,177449,1
87972,616,3427309,3,20651166,177012,1
71093,373,243203,11,8025277,133664,1
58458,560,1885739,35,675104,158415,1
169049,324,2231164,10,1134546,0,1
36132,644,1300372,17,14234400,194523,1
71722,681,1593111,35,455307,1454210,1
38396,774,479810,18,5240567,4878749,1
66221,697,1112865,14,13225242,4151246,1
169927,716,9230468,27,924611,0,1
139273,676,276890,14,1571234,880018,1
98350,890,1141448,26,310120,175966,1
189592,411,3951780,0,2649259,511719,0
199283,666,3858546,3,20590907,1870684,1
37396,718,2587482,27,2897248,326509,0
103923,660,178486,26,2644228,479062,1
147528,546,3636922,6,5299593,0,1
96762,729,8679055,32,153179,0,0
52961,331,2787094,14,3733755,0,1
31829,535,4661212,23,1130198,0,0
422456,737,1850219,33,1972513,0,1
61920,642,1020455,20,134684,0,1
39092,627,1502322,22,2666179,16294,1
50674,878,1175473,3,1959547,658662,1
48780,811,3378142,9,257552,0,0
360429,661,498174,32,2388216,2035491,1
49827,435,2377841,16,1136676,687111,0
77728,824,9627771,1,5593415,178158,0
77919,591,4945078,4,222769,176173,0
341528,723,1746182,28,885096,621902,1
162573,857,365837,9,446437,125755,1
34597,685,239342,25,230715,1298890,1
97238,725,7653311,16,492052,147629,0
93454,628,5975637,33,201602,0,0
72178,636,442666,8,14839821,38249,1
42882,881,446006,3,481733,607923,1
95550,674,4518424,24,158816,0,1
30709,677,4844621,23,232551,4300401,0
87269,778,4646323,3,1909948,1924979,1
110524,597,4478819,1,486682,0,1
99061,785,8678712,2,731228,0,0
191931,778,3077466,15,1681716,0,1
138045,856,4803740,10,2589532,23050,1
33013,553,6801565,2,251291,1149835,0
32180,604,1076686,32,627845,0,1
56809,900,9407059,5,15865349,2389768,1
42679,495,3501209,28,295564,0,0
66246,739,505930,19,6968116,525348,1
34289,812,1431060,6,244818,1865474,1
58112,502,1253911,15,1757113,0,1
38627,781,573410,9,21356919,170347,1
70339,794,3718970,22,15757139,634952,1
45018,641,3391232,10,4500232,1633072,0
92439,728,543100,1,8282052,158830,1
446207,890,3334000,15,20784251,0,1
55006,558,3940446,15,268075,843330,0
96837,792,1465243,6,2139491,4307895,1
53059,751,1039289,31,571177,0,1
33004,416,1529177,14,1721381,1904545,0
41772,728,8301356,18,252814,0,0
481324,768,6504936,6,487553,0,1
89134,339,2533707,12,3671864,81749,1
45937,859,3710157,12,3631971,174701,1
36831,763,1171190,5,375414,0,1
55768,370,370608,17,3252462,362049,1
59173,674,1518039,23,3921275,511758,1
48061,792,3996144,17,181479,0,0
66299,651,8466365,2,1224738,0,0
47400,816,1912319,4,214766,403292,1
419250,746,3728558,15,9621976,0,1
38930,834,1589742,17,3607219,0,1
257140,463,2570663,14,4814381,153543,1
45362,776,1935381,17,11493584,27480,1
105524,732,401308,6,301498,0,1
113419,635,6566910,21,2035201,660794,1
47009,826,8204617,20,409680,0,0
91859,521,385645,14,14062694,1206478,1
44788,328,2935370,5,199083,168988,0
81034,795,4207258,15,7430597,1113887,1
81232,899,468576,33,3241374,59172,1
34191,843,1161953,7,144988,786968,1
38288,671,2307530,34,3321450,166816,1
67994,823,611225,21,402426,239108,1
287001,610,665881,9,1139848,69679,1
46930,627,403831,3,4730306,2955011,1
69833,674,3473434,31,1395637,0,1
451259,870,271959,17,3636740,185763,1
70889,711,7373578,27,1699867,458542,0
32968,648,4077940,18,7700585,1035735,0
70903,845,5320233,35,75528,62719,0
60799,687,8150418,14,18020041,1625017,1
65845,800,465597,34,4370798,0,1
188897,564,3134141,10,1965567,0,1
53328,837,7562887,0,633666,4381089,0
114725,551,4388272,25,3719573,636262,1
299092,619,2687870,10,3900003,660634,1
30299,596,157512,29,1353472,66368,1
43280,776,1181031,9,1119770,1463431,1
40220,853,9578734,15,362171,41260,0
101280,780,2061390,12,178559,180858,1
116389,886,1174942,26,3077879,0,1
51120,766,6182087,29,1243160,0,0
87311,682,5974008,20,9443467,311674,1
129043,616,3984146,0,786582,191320,0
268239,631,3086104,8,80663,847155,1
290240,745,3339530,23,3208200,95223,1
36824,787,1582725,7,3081845,0,1
75667,647,896920,29,1733236,0,1
100391,609,2284957,33,823605,1027771,1
74566,660,1649167,21,575115,0,1
51170,864,334929,28,3546980,545184,1
109815,709,1344045,17,4448398,4192409,1
81228,620,6772214,12,2384049,0,0
118918,801,445474,1,473015,0,1
96186,873,1701966,14,2891074,3820873,1
44215,619,343949,35,24277855,173736,1
266158,477,333140,8,14721489,137269,1
480231,880,664600,14,5053588,109933,1
99470,769,6012915,12,16246890,0,1
82768,645,3768776,4,7236856,1694632,1
82620,561,440025,29,11109588,626559,1
251753,813,3368906,0,292239,0,1
32511,472,3552112,5,1553319,0,0
66853,687,1028137,4,3366582,109021,1
54588,868,350911,21,4699464,905763,1
99383,616,358072,25,331780,1315154,1
39684,727,4987883,0,1514838,138388,0
105500,634,7338952,6,15899967,157432,1
192346,501,8076729,0,167050,54218,0
441680,726,9437422,25,2912431,0,1
172345,626,8732306,25,814135,146661,1
62850,753,1231141,30,2050650,96640,1
114689,726,7403012,27,19110650,179084,1
78186,748,7274472,17,154008,86785,0
41982,634,918631,9,3562063,291403,1
48440,585,2498661,2,383365,335548,0
67164,783,6853833,22,1715856,794034,0
111189,349,307455,5,7836044,0,1
129747,652,1351244,35,4278033,1059235,1
48676,333,272442,7,2962694,111283,1
91055,678,7895881,29,1002087,1500214,0
258702,623,362353,34,6751342,104901,1
104852,824,1489967,4,1097280,13516,1
47233,306,278666,4,7546737,1893882,0
48105,882,2574765,11,110071,688541,1
75728,591,8101982,5,956947,0,0
149652,521,2591358,3,3412166,1303517,1
55152,591,5874698,32,7395832,0,0
49114,309,399209,35,264889,271655,1
95645,586,9065307,21,818122,0,0
51077,790,502706,9,4982588,0,1
197614,618,5189563,13,14713057,65965,1
50579,663,1513422,14,1639527,175538,1
325294,764,7460105,8,9739866,0,1
87829,601,1868009,33,587474,64793,1
65254,635,6112095,7,492275,0,0
48391,869,1851918,3,19497112,69814,1
41808,836,146247,31,11332667,20271,1
45199,565,8658982,25,71941,226236,0
136377,363,4856412,12,895820,3178930,0
45986,631,1378738,28,7673529,1466050,1
112083,446,9641027,22,1525822,1898362,0
74840,867,2216349,18,2171895,0,1
41263,810,5190923,18,1185332,0,0
32859,847,5128250,32,4961694,0,1
57718,744,8865616,22,438557,157001,0
37431,515,2041909,24,20075459,0,1
63640,344,1475559,15,7326638,132669,1
30902,816,7302589,3,5966923,1236032,0
55112,627,703624,19,4708473,0,1
77771,586,466233,29,995335,0,1
46946,305,7195622,5,699784,1939718,0
39646,571,1343264,12,130067,1019061,0
69350,671,1868045,34,534360,3047720,0
191368,805,4496858,16,18516424,27261,1
36059,776,8773962,3,24083268,0,1
75552,499,2210957,28,100059,744828,0
34229,557,9461682,5,302286,122242,0
54743,860,1925681,23,17606761,0,1
60080,610,4217710,27,3799525,102936,0
35716,716,3393579,5,5779828,2803338,0
45534,689,772086,4,497745,0,1
252366,679,5610723,32,3313979,243234,1
153183,711,5708887,15,55438,0,1
72158,491,709979,6,422449,658983,0
34340,441,4902232,24,9443780,0,0
98449,526,4186431,6,6011345,157196,1
100955,808,229191,34,17642208,0,1
193993,767,430611,1,280671,0,1
41864,570,2610567,25,3427999,0,0
146258,676,6838388,26,87600,0,1
46566,575,369759,31,3600837,1087431,1
40701,840,456651,10,1378218,0,1
167676,829,1387207,0,373655,77938,1
190698,432,8724802,21,4298681,254468,0
56293,671,9834871,15,922921,1930475,0
78159,558,3420222,8,4366695,1574637,1
71424,401,274254,24,4317221,461173,1
45183,720,463527,19,746492,0,1
354846,673,858615,20,20989801,1983378,1
70045,524,986203,24,244608,3777886,0
138406,695,340857,30,1581441,0,1
243350,720,963560,28,361792,3081317,1
65549,437,4996631,7,3510686,0,0
340752,714,457423,25,93976,57494,1
49081,682,652421,23,1706709,223631,1
188382,849,4845406,6,9648101,591815,1
58202,877,2812467,0,1752504,609786,1
88983,773,653194,4,2547209,152186,1
51358,843,1646100,28,1897102,57187,1
35166,771,5740716,6,242413,185559,0
44667,490,258972,33,19133993,1692015,1
35646,829,5909355,8,160864,0,0
52379,733,6918865,29,155829,1966904,0
99401,664,7511264,10,1648747,170878,0
42783,588,3877649,13,8667257,4008964,0
62083,593,1363587,25,539567,631551,1
55511,739,4981375,3,2476011,63372,0
191755,624,3347794,32,12024579,341592,1
444376,857,309903,32,2074737,527650,1
142228,384,2933712,10,412519,4930561,0
65709,561,7471096,6,309933,787001,0
34471,841,4335884,10,7065706,0,1
355267,711,208709,6,19704885,703320,1
67245,792,387250,11,7609745,564309,1
66524,671,1903092,11,357055,260282,1
46949,674,8894344,35,7024132,0,0
45676,553,574250,33,487893,0,1
58673,727,1971014,24,3028691,0,1
388142,822,179272,25,1943125,881271,1
255077,637,6267972,11,3042028,0,1
429863,626,2343753,12,20288145,88473,1
51111,777,9410738,6,138649,133684,0
38408,677,5259712,9,95848,0,0
49520,632,549690,14,1485269,3259982,1
40954,570,434667,7,12372425,146499,1
40205,700,3163821,30,451921,0,0
161511,641,3529195,30,3603567,642163,1
66538,533,2827893,14,371420,0,0
33515,325,4745147,20,192853,571452,0
77497,702,1402793,9,810466,0,1
74136,819,1348752,25,4752715,0,1
122415,616,3787386,15,8372393,0,1
383158,657,1122926,19,1871553,0,1
123642,411,158264,19,4842546,4858337,0
158354,846,320017,12,771941,27427,1
107712,512,321240,32,2455742,2121684,0
193118,877,404992,15,20097845,1603885,1
52140,349,4007054,35,1913543,150061,0
202847,530,1440558,34,4359302,4380477,0
134492,629,1329551,5,8075015,0,1
146536,867,6326003,17,1001048,1854009,1
115961,616,4077815,1,11164565,0,1
227249,328,7690308,30,3935031,0,1
37658,609,9623556,20,1819664,0,0
97149,820,7900013,7,2891889,1561337,0
100057,855,227186,35,662101,168293,1
290175,544,6420475,17,370161,646326,0
53377,508,1610946,9,297555,0,0
51274,899,119850,3,4425175,889609,1
113045,870,3327446,3,4797822,1123180,1
66926,755,8389587,3,15410428,0,1
225759,747,2038820,16,1154136,438923,1
114569,586,1668987,15,17544479,168903,1
37983,846,8052415,27,17234719,273247,1
146207,701,7504601,23,817353,477950,1
126354,724,321914,20,3511656,95842,1
91234,865,1235045,32,1711135,90307,1
136145,773,365189,19,725810,709314,1
146162,589,3841062,22,1541471,1064869,1
53529,623,4771114,12,10300705,449604,1
184658,592,1546158,26,4594323,2763584,1
295466,853,8455174,34,478058,511387,1
33203,321,265281,16,4471391,161599,1
84541,432,1931413,15,3034924,0,1
95039,879,1961303,3,7768102,0,1
76403,811,2737810,26,222701,239190,1
459561,762,4436196,4,17655422,4814812,1
57588,747,8087848,22,6514140,39040,0
275614,876,7472487,28,154417,4368230,1
102582,848,1175714,2,5213897,111248,1
186064,506,2554607,21,18258947,103409,1
82796,790,1852455,7,53877,2750154,1
37607,664,2478993,8,1916022,0,0
33348,704,1570075,21,267296,338683,1
107172,750,2185912,4,1676045,0,1
51284,861,3708804,6,7881498,922931,0
111702,552,3750904,8,794333,187003,1
155075,885,2063926,35,6649944,774091,1
72985,883,1533475,29,7348186,199991,1
82853,777,352306,7,7712056,258882,1
53104,560,5046452,31,1550364,60325,0
66160,900,3056725,3,135214,87286,1
117888,817,6501711,29,20397124,498592,1
126146,699,606423,2,134012,689601,1
57605,711,7284941,15,172066,680167,0
39560,459,5168659,33,1883186,851421,0
93193,705,4542595,0,477354,599605,0
213662,638,6193385,33,240128,0,1
32541,563,178293,24,4630895,491976,1
155201,645,2227076,16,1133281,0,1
41868,538,1633368,24,6685822,426607,1
174331,830,242958,9,928634,555983,1
39399,727,9446001,5,1524210,1212882,0
73042,525,2314808,13,299800,0,0
52445,800,804794,0,438714,201681,1
63134,778,1123193,0,86295,2541397,0
45664,665,6041365,25,920127,763460,0
84774,673,820182,24,1011820,2438173,1
30822,842,1940486,8,846692,775679,0
70670,626,7618702,8,19651866,179903,1
75057,600,2281984,26,12711948,259220,1
48363,713,5616219,17,9066261,0,1
115374,558,8740164,4,348255,1523056,0
47023,548,1455076,33,21947276,2779514,1
212464,561,4463079,18,381695,1562508,1
266559,434,1428630,3,20655727,0,1
40943,714,4181663,5,4879142,575349,0
48813,395,1473953,34,903695,190009,1
108545,778,6270319,20,735538,0,1
78105,413,4609834,18,2621919,314479,0
79315,897,3597458,7,3511922,932661,1
36399,694,2926347,8,1655890,373859,0
116491,637,3826343,24,16313816,1935858,1
98692,758,2527810,27,8328938,101343,1
97505,773,226462,26,482359,0,1
37695,319,5147252,20,912414,118578,0
100303,506,9121886,8,1912042,0,0
143654,749,6953488,21,6498769,0,1
31259,542,348463,22,19008739,828111,1
32094,576,9708870,15,270136,331017,0
46725,829,4856196,4,298525,717581,0
130770,474,253127,21,13719410,0,1
197321,581,6653805,11,1398113,0,1
35830,388,1027926,33,2011442,0,1
95569,561,1913741,20,1607119,1806507,1
65607,698,555728,16,4529753,0,1
168525,585,3464444,23,4408257,965929,1
62047,685,304109,15,3680778,0,1
88115,798,3844783,8,4382159,4030161,1
100376,576,3433830,2,3368161,0,1
209657,819,466585,33,1738821,431352,1
36724,793,4331777,25,3623238,0,1
109727,664,8911480,9,4833470,0,0
42562,335,339554,33,1042047,1549003,0
65873,597,1307771,34,9288160,217098,1
303723,791,5418838,18,1238632,0,1
180290,710,6736974,16,204178,1194390,1
94623,847,4820924,9,336647,1800291,1
62503,573,1675138,20,152168,774159,0
52559,490,156734,23,151693,661976,0
67346,368,335121,16,4704935,1239388,0
31198,673,192689,18,14521087,0,1
33127,709,1178769,26,4327716,542609,1
167048,884,8225138,34,3933054,0,1
265508,715,6279718,22,4691357,75103,1
177674,666,1290801,7,7920106,0,1
47868,854,7590083,11,9422012,0,1
44497,633,4739055,24,13383986,222140,1
31986,717,1488481,31,2443447,0,1
63672,466,520941,27,99521,245507,0
125223,820,5302514,2,4836965,77948,1
59158,827,8610109,8,847345,0,0
110227,750,552930,5,1784252,0,1
285514,516,9241328,15,1881426,1758301,0
86255,618,808395,9,1677821,0,1
99966,805,4576063,31,9621783,3292039,1
50963,716,2601704,22,1805592,166003,1
60457,595,8456337,34,4447763,0,0
32340,604,1221436,20,8994785,0,1
81881,552,2885264,35,4485566,0,1
72984,605,4234006,33,21306944,115119,1
79801,626,1426860,16,387548,115860,1
84229,732,1084227,19,88168,178325,1
94561,450,207498,8,62953,0,0
60886,394,9069129,2,1453112,714378,0
37919,868,3608495,24,3143469,0,1
30936,812,9458866,30,1977504,176302,0
106506,787,493536,10,4334152,0,1
37722,300,4774444,3,380588,148835,0
114269,431,8823947,28,1509663,1024953,0
55477,630,1138175,5,1026070,0,1
240266,649,1905084,11,1637957,103873,1
311203,563,4778476,4,294604,288484,1
131128,589,3170232,2,5247380,619645,1
90810,786,1906891,2,521216,0,1
37376,606,1392918,20,8361051,18165,1
443480,547,3343131,9,15313358,0,1
53852,817,322926,17,362745,139398,1
60010,888,8538702,12,1371729,1512407,0
345243,529,482874,13,23058950,0,1
78943,515,1109706,33,5655017,635041,1
88345,862,4307805,29,5371784,827467,1
295896,678,4473614,22,81698,0,1
97575,626,1603905,11,1161225,0,1
35400,790,380012,31,480587,491249,1
58269,572,513784,21,1900246,195093,1
400927,816,5416935,31,316870,0,1
434909,535,6596418,23,15592122,380228,1
193760,700,7196971,23,227963,3527630,1
41861,544,823731,15,316234,1732626,0
157648,514,756708,32,681259,109569,1
135193,878,5539236,15,2156056,0,1
413742,565,350007,2,3620550,480598,1
61233,789,3323760,2,2559624,0,1
59750,738,447494,25,571022,0,1
37922,573,8294865,27,2577059,161931,0
78655,703,1807184,18,8333211,193855,1
30121,351,4521929,16,14233648,625691,1
136981,775,142374,15,20912843,220776,1
37363,425,6001014,15,24266823,0,1
103203,568,245352,35,6840317,1433346,1
38787,822,1172255,25,76907,0,1
39018,554,5247643,3,8489594,575201,0
56359,721,4900214,32,3387038,0,0
93287,677,1107572,24,9449912,253207,1
48424,721,8556064,2,4441134,0,0
57452,895,9158065,34,4516841,671553,0
68859,304,2848911,31,333458,1729408,0
36311,507,8121336,29,263972,0,0
65873,626,4825671,32,4047447,112090,0
80856,534,1957026,2,4513633,0,1
162980,304,1604112,18,3544108,903937,1
56552,747,752231,4,1972185,2276928,1
40949,585,1204136,27,661707,682735,1
53511,485,1597911,20,194031,12978,0
190440,312,2558441,13,389500,1549508,0
201194,494,4789525,31,10566457,533497,1
73607,638,4449520,27,939667,2048361,0
271991,513,1422181,14,217875,136508,0
49290,604,8045451,17,4568403,0,0
86168,596,1772987,14,497232,25843,1
105812,442,1158308,8,1688010,4692906,0
50075,639,3909178,21,1363461,1528616,0
298864,827,7356675,1,92830,1358454,1
51801,700,1364187,33,10767726,4175405,1
499309,802,7183230,32,831124,752778,1
39292,794,8357244,11,1160804,768162,0
66374,314,6505786,13,1187063,432052,0
116321,835,4478675,33,7196762,0,1
91879,879,5689122,26,16243751,1510220,1
39682,685,8681058,32,302677,794191,0
132638,722,7962042,7,567784,1297070,0
114473,367,1865586,10,4096946,44416,1
58472,884,1603739,20,22960629,147059,1
59694,886,525453,17,868760,122602,1
42120,518,2179332,24,6731690,863056,0
41820,675,3894379,14,3675114,62340,0
30058,489,364222,25,9242612,648999,0
259702,669,478458,9,494811,1952696,1
170882,806,404568,14,154372,61411,1
219857,790,1874856,13,2883896,474337,1
143621,747,9009881,29,19819225,130739,1
133381,682,1149731,22,13217108,854357,1
36599,815,1461231,12,953108,1420444,1
110681,535,7065631,25,4879192,2918117,0
35354,763,2385940,3,2474302,1548238,0
49830,736,4476315,2,173450,109707,0
57366,898,6593484,14,1841123,50922,0
79381,639,265118,21,9537586,604074,1
41679,524,7745688,9,6315027,0,0
79140,785,5131770,23,1347597,647946,0
35311,633,2937958,12,3887174,1473971,0
111984,880,748317,1,276993,101995,1
91876,826,1177939,12,1598922,0,1
136195,604,8088751,6,160796,0,1
52121,896,1912501,17,19280670,0,1
33079,844,1466257,18,5819386,2354291,1
77913,791,1935609,7,1813663,4381699,1
110135,688,3742360,25,10050405,356349,1
109541,673,744727,34,2816831,141980,1
51342,466,2659548,34,347588,61295,0
40657,738,6929989,6,1429215,16785,0
79018,670,1496084,33,360869,86221,1
33513,622,4742423,5,2090956,1339947,0
30104,729,9664597,16,3268501,0,0
185122,819,2014863,17,20572653,1793497,1
131495,438,3968941,13,5644002,1035044,1
90841,822,8995586,17,1459357,1973427,0
68559,566,327152,19,3868799,0,1
103008,894,1018051,21,743116,0,1
209685,640,5536776,19,22710447,589174,1
43324,709,4002639,6,3501138,0,0
117589,605,4480964,28,3124300,40938,1
40381,772,869954,7,2141552,624074,1
218018,732,934750,5,148222,4844857,1
40586,734,1641110,11,4210739,1373012,1
73084,824,2797137,1,1933455,176814,1
273111,762,400343,23,4135738,926622,1
41167,805,3871054,1,3556800,242410,0
60673,704,7398126,16,5545365,534116,0
31425,827,851416,33,2105889,2754389,1
54395,623,1766643,17,457892,189646,1
484423,562,219180,2,6600302,612765,1
39232,488,8837414,2,20901750,0,1
56054,611,1525044,16,4451433,0,1
83889,508,835905,23,20967492,0,1
52213,635,7773651,25,372450,0,0
344584,328,947039,24,1957245,0,1
75792,531,1071495,21,4686236,715197,1
111041,803,454518,6,7654790,1136140,1
45696,783,5811191,2,8379411,1909491,0
81692,618,2686315,18,9767780,3366015,1
143930,666,3334354,9,4652542,0,1
82035,395,797031,12,337371,93201,0
108645,734,936323,0,4662064,243512,1
43047,677,4741609,28,113872,119926,0
42666,710,1456732,35,24099452,140402,1
52732,738,3270594,29,10574744,82710,1
312557,674,8540878,13,18297910,486541,1
367184,519,1160256,33,557672,3488157,1
88100,687,198261,5,598785,101795,1
45638,581,1019296,8,138803,1065733,0
165675,755,7393018,25,3761744,85728,1
33823,794,318865,32,3684744,1730524,1
390138,547,7845691,17,402852,660371,1
249810,790,9728390,17,1264000,121320,1
118418,867,4296910,30,397982,38268,1
111108,634,2394891,14,286430,0,1
36474,668,3652783,3,631967,1611725,0
123002,425,1122131,17,5630017,184625,1
34193,849,452620,0,102397,659176,0
140653,602,748453,28,499377,295210,1
43179,631,847081,3,1515561,0,1
38797,695,9513167,12,550025,1624138,0
93521,698,3024249,18,1622115,0,1
33338,377,1795336,34,1698480,3038561,0
150881,866,1863372,3,23969099,89204,1
207037,744,6537306,1,802181,320520,1
176755,505,7989545,0,8033761,748183,0
71899,890,5596594,25,1987137,0,0
78814,808,2730832,7,12605331,0,1
68389,588,2055318,5,9081870,0,1
214562,649,9765088,17,250961,0,1
293107,726,7888600,28,2353199,0,1
99611,723,4630336,33,2245156,4163374,0
118104,667,1466921,29,158503,0,1
47582,878,250903,18,4283240,135892,1
51790,697,1737848,14,409231,0,1
48206,900,946643,26,290978,3355254,1
223426,760,6858677,27,19232646,22522,1
74512,885,2084705,7,489105,0,1
79015,555,9431354,11,168160,783049,0
79014,612,3875459,10,902082,0,1
45309,692,366120,14,1251629,1492193,1
182316,886,5461788,17,375914,1163270,1
453674,714,9045594,31,128872,1601864,1
196484,537,3917063,19,2634464,17222,1
41404,722,3063336,23,452366,0,0
37417,822,212658,14,16502045,0,1
192968,591,1695431,21,10151841,739351,1
96819,791,2136722,17,23313530,573804,1
37442,679,6910192,14,15403356,411330,1
212214,606,4621683,32,13944976,82115,1
84891,889,9216049,33,306088,0,0
69463,861,1958043,9,6149500,0,1
240164,490,7031504,22,1794932,0,0
75876,377,4244784,7,5642827,17031,1
36136,532,707102,23,6438786,148245,1
48941,490,2764395,7,3584641,209576,1
428554,842,7892079,7,3086697,0,1
46392,428,5947020,32,155320,745524,0
56001,654,439392,28,19579154,341101,1
138071,848,8163340,0,753371,0,1
54093,704,117877,25,9193368,0,1
68925,683,9687926,6,994811,0,0
79300,514,3266082,0,9711543,106691,0
44840,577,3931204,9,4356665,329093,0
89925,695,340709,29,238422,963965,1
60477,404,8573198,6,5570265,0,0
38687,886,2119872,17,7564351,1311116,1
47960,713,2389997,16,3565379,0,1
48871,611,1690452,20,7428151,182479,1
57081,855,1728127,8,2937379,36532,1
48589,677,9936934,18,177263,740699,0
31421,391,5098761,10,1265326,0,0
145917,633,5170305,31,704712,461963,1
41354,855,3708807,16,765244,0,0
62544,769,407241,11,1081100,0,1
176905,857,1845243,0,6091340,46421,1
279944,813,260814,23,3640630,0,1
409350,618,4561287,4,1116938,3174970,1
67528,666,5248391,30,439127,0,0
483869,780,4513350,2,19918352,184950,1
42324,573,1287347,1,590239,2499757,0
117063,748,4978977,3,409847,0,1
226544,779,1664577,10,22985004,0,1
131295,746,9911883,9,18757444,183422,1
31509,651,473201,6,5879753,188683,1
114305,520,9458520,19,4391980,566430,0
278233,774,1855990,17,1391208,519269,1
226797,653,7480455,8,1881607,143140,1
56698,717,8603724,15,524008,2517816,0
47174,486,3240759,12,1183154,0,0
60184,350,700142,20,4607619,514888,1
97672,785,1112682,33,7976667,198597,1
50741,450,424553,26,14707159,4294896,1
62769,886,6684318,20,1659669,0,0
40930,635,2484346,23,2516168,0,0
107164,884,834644,8,1005082,0,1
272062,509,2648736,32,1614338,0,1
111945,617,1388254,16,3199892,4769242,1
163816,834,199727,4,20819997,0,1
91878,800,8475734,33,141024,73194,0
49782,524,1612950,13,4382337,180863,1
200214,516,1967875,12,13923723,0,1
152227,658,4877739,35,4296724,0,1
134930,650,7182514,26,320946,205606,1
48691,753,9725921,24,150549,252731,0
50279,613,1558856,17,7924598,1214970,1
74661,855,1996764,34,1254365,0,1
48390,383,113954,0,2732832,75811,0
112600,747,344185,20,8535297,40562,1
35202,522,6872764,1,1833671,37853,0
77181,818,4997484,31,15398011,0,1
151891,512,2378805,24,479793,656199,0
169664,800,120770,9,4495154,4455656,1
70712,615,8837925,13,386070,192870,0
95668,679,643716,10,9562873,431604,1
440579,726,8249114,8,160610,4277312,1
45063,665,5550719,29,3792682,0,0
32695,809,3733477,8,2007506,540422,0
70611,884,3343664,35,741963,90566,1
71734,564,110443,26,683911,2589911,1
60651,609,206686,4,2003200,604672,1
51775,705,1002737,7,1942203,1340763,1
181969,889,256319,21,452360,0,1
62047,759,517278,14,7325685,1337079,1
30207,872,4353772,27,21004724,13567,1
101996,814,838588,25,3113861,0,1
63622,720,1265749,18,15338972,40566,1
117732,584,8621442,26,317542,122253,0
66877,602,299333,31,21232827,0,1
116290,822,4013984,6,4633846,0,1
34841,814,3948220,5,1139051,0,0
267364,883,134211,11,2179275,1890683,1
58312,798,1771070,28,2550498,0,1
36921,877,168573,6,4730442,690714,1
99391,630,616880,16,146810,0,1
85724,630,338397,6,1092000,1343986,1
110825,813,815872,25,8545826,182283,1
59286,779,7754323,19,6421146,151254,1
46674,558,260087,2,420156,0,1
31793,683,216849,0,302292,2490451,0
94657,885,8750133,22,181479,10701,0
92656,880,2030784,19,1145156,4488457,1
166633,616,125780,17,1774381,4801852,1
87866,737,9069976,7,22708508,155621,1
38015,505,4998720,25,3483684,547163,0
34299,568,1215960,26,3404422,0,1
32633,843,158142,15,21306106,292256,1
155477,532,952809,19,539476,2190684,0
61849,809,3785401,23,1291227,0,0
78777,761,1524657,2,9507205,0,1
206466,356,385747,15,20966011,83687,1
49197,516,3716053,3,604674,179725,0
68914,694,2854269,28,7085575,2565854,1
378607,681,6645054,11,5611030,0,1
67956,888,8432143,20,6374583,19281,1
104169,704,508314,28,24221043,1200747,1
72762,863,2977491,22,8361466,0,1
111858,867,9427409,28,18512127,191410,1
36746,874,9047886,10,347961,3611538,0
104533,711,2037310,35,3905817,106611,1
119825,637,837230,12,389925,0,1
115610,660,1640174,15,1480572,147116,1
167749,861,456159,30,2568767,1610983,1
51140,703,8538275,26,497479,172051,0
57435,678,9548905,30,4510526,1312372,0
240364,389,330621,32,997189,110677,1
72886,447,1716561,18,459981,1807270,0
58565,892,6481334,25,1165579,0,0
157029,870,3135972,8,3934430,316572,1
101903,724,6199212,15,12817134,3271725,1
101797,576,634967,0,17339471,0,1
39968,883,748125,24,20109690,0,1
90808,872,8721835,3,18041738,1663691,1
47683,767,5477575,13,7804012,0,1
45351,813,2435493,28,935450,474329,1
51515,878,4399594,18,2892720,20677,1
466945,784,434411,18,4035137,1170573,1
171289,601,9530957,12,1836910,70455,1
400610,640,306744,17,414123,531256,1
370389,529,5149190,22,4080134,4755958,1
162366,686,256612,5,898897,1761692,1
121988,485,223939,26,1970594,0,1
74398,434,344943,0,629822,0,0
119190,317,1929566,29,2630041,2590964,0
37726,701,2306826,19,1948173,697281,0
63908,850,1691123,20,3840624,182868,1
69983,378,346619,27,23560890,341434,1
158892,508,3270521,5,1990768,0,1
76159,672,3107825,6,5071661,1298764,1
202117,693,551973,5,24794809,1405083,1
33722,613,9178497,18,21443425,634165,1
413530,765,433392,28,707578,61840,1
140647,607,4758207,20,4413393,4838951,0
33164,785,649215,11,19854261,0,1
266595,891,8882588,2,1816860,1726776,1
60528,786,4533858,13,21609168,171659,1
114099,557,4243421,35,2192352,1126709,1
81818,475,9901601,18,11521384,774736,1
104654,609,5567258,20,318127,2504275,0
75508,848,195164,17,8031851,86834,1
121220,658,9944555,7,1301285,1307431,0
48645,624,3865120,25,3607171,714622,0
486204,850,227205,23,4025270,372764,1
88176,634,9701146,0,3971456,654919,0
160092,594,111188,24,1895835,0,1
149535,606,262301,19,3923949,178663,1
31881,571,2342651,6,3322928,192299,0
71875,829,6784685,15,5459347,0,1
93240,721,7273627,7,1128577,1438125,0
136766,611,8950947,7,1481118,0,0
31225,580,9631963,9,8724923,168503,0
32856,718,4813052,23,3888308,0,0
36523,464,4527711,26,18328104,170757,1
274403,767,108911,16,251683,0,1
186113,652,5966242,14,3378447,1298218,1
48167,618,1915893,18,17912014,1852209,1
182135,885,5230075,20,297821,543752,1
64375,450,690481,30,4533428,696347,1
69009,836,647958,12,2053932,331991,1
281250,560,9644795,21,951991,405940,1
76183,584,8962767,19,1853336,883990,0
75310,816,6100203,34,571853,189823,0
39847,632,5635409,13,2245219,0,0
112736,897,673479,33,16884486,0,1
123781,503,8241282,16,11511646,0,1
151081,840,9323183,20,73515,0,0
37419,692,1830603,25,24951368,18138,1
35021,764,7654655,2,5178285,782988,0
60960,820,7977888,16,5519645,480428,0
183112,753,1650153,25,6304446,0,1
77020,809,4644168,21,9168156,0,1
37250,567,2228753,0,4444481,647873,0
264272,835,1014775,15,1107207,118513,1
82667,650,360251,2,9682320,134626,1
39675,527,1994996,3,5171358,0,1
81433,517,5554158,31,23892633,569885,1
72056,826,3186934,18,20039704,0,1
256099,774,6520529,15,1542553,691063,1
176132,668,332063,7,608349,629850,1
49807,595,2568443,22,105255,1008489,0
46916,553,310304,3,70325,0,1
76497,459,1716816,20,13855083,0,1
57495,811,317446,6,677960,0,1
61703,763,226444,18,1720139,0,1
98572,486,2715102,5,1876047,327261,1
31705,617,8963810,24,7303993,147536,0
83135,806,7549484,25,6950303,0,1
226928,353,9154297,7,304419,457310,0
48475,669,135660,29,303463,108569,1
43462,668,297737,4,20194118,320303,1
113346,670,4591906,20,376198,41109,1
97431,707,148049,14,358865,0,1
39478,582,6511468,4,2718523,3077333,0
52671,330,3682954,18,15134375,723217,1
104746,551,1457220,9,3524757,384200,1
229187,839,4748275,6,1131515,1050771,1
158101,520,420868,28,13492245,0,1
98411,716,9484471,6,4086260,0,0
51871,742,3908212,18,3365923,94554,0
222480,883,1146300,26,310442,278994,1
33470,535,2713301,9,17688015,0,1
101350,817,4282691,11,293497,671717,1
75391,697,5664977,9,186415,0,0
50796,588,3522664,28,4625457,0,0
34837,673,1216993,15,418103,1848345,0
49444,594,8329129,18,13345464,1373476,1
35968,730,1478156,25,24013557,617493,1
71589,596,703911,15,16541435,768402,1
259536,761,5506796,18,21345478,322577,1
282511,719,1695104,27,3149316,0,1
44711,764,4053046,24,1067754,0,0
73263,754,9684739,10,17023951,108114,1
256205,621,4840110,16,1549520,943000,1
148347,774,1471000,17,5452575,728383,1
130201,405,3379107,20,4277197,0,1
218249,787,1561340,29,18621172,860162,1
67693,764,238372,24,861469,185489,1
95123,661,2958770,28,4421638,0,1
82795,676,5455746,7,385491,1589702,0
61452,807,1449232,27,722663,3208120,1
71346,721,7189370,4,1137328,204247,0
101818,805,5067320,11,6927332,68070,1
65345,654,7831062,17,2999872,0,0
107214,885,1412548,5,1754485,1249107,1
39266,741,1485965,21,270892,2718647,0
40910,817,8089129,0,181411,0,0
54300,812,2576475,29,491207,1264889,1
39277,606,419716,30,9995862,10541,1
89654,746,163522,10,22230227,0,1
64886,618,942944,21,10988893,0,1
102085,364,2913882,25,3467672,0,1
77827,810,8517898,13,130183,2950907,0
43229,829,7196255,34,6903054,18522,1
79540,617,197604,8,2128927,145805,1
80774,750,338231,32,13901408,0,1
35518,881,8789744,2,2480160,4186677,0
36770,732,325277,21,8733442,50570,1
67848,379,2386324,31,683300,494670,0
63264,844,341411,18,8865750,425028,1
65761,679,222004,9,3026292,764746,1
133055,732,8354374,25,9798026,526585,1
71386,441,3942343,4,2831091,3043830,0
152031,532,5521465,30,3194197,149265,1
104399,883,9902542,9,243678,0,0
95555,633,279746,14,1129110,118186,1
76206,503,168715,13,7545345,1964106,0
46204,754,455479,24,21273368,1665933,1
109950,614,7082020,21,186654,198899,0
156987,303,8501442,20,1803642,130735,0
170716,738,5946718,5,1410810,0,1
64300,522,8569529,3,3313987,1553177,0
237485,681,9035404,19,3472315,0,1
44328,876,7705250,17,166861,46045,0
108653,727,8277392,26,13874033,4349782,1
40456,677,3733783,7,310548,0,0
175626,850,2845246,0,415968,4367040,0
63244,829,7260657,8,796687,199478,0
59245,386,1708480,21,3157335,3659300,0
229735,819,191186,23,3104671,0,1
52260,731,439467,1,20215140,922775,1
71361,877,767979,19,17932370,1854290,1
37414,688,5232566,14,102059,668838,0
176587,512,4391336,6,14700705,108882,1
52729,382,858237,24,409035,0,0
113710,591,5419834,3,1825389,99977,1
150303,605,2844178,8,19673858,789722,1
373666,514,1069551,33,2566424,0,1
52247,806,3573821,32,1561245,634489,0
40475,499,1827809,27,448286,449643,0
36267,765,6733978,23,516256,612587,0
44990,731,1677774,13,6231586,26832,1
56774,699,9679672,19,589762,0,0
128938,701,3132393,5,882477,643271,1
116316,607,946326,22,169687,752222,1
65754,678,495193,4,539712,695073,1
93091,515,3321738,24,14517152,50441,1
59382,592,1013911,34,70802,90565,1
52989,323,1124496,6,1087131,0,1
36823,573,2590744,25,430652,630473,0
119197,839,1134667,6,1357245,857798,1
44105,738,7704923,35,2709479,1638277,0
92290,692,4514777,0,1277533,0,1
79621,760,8608946,14,21840853,0,1
239937,736,1589675,32,64369,552292,1
75897,858,2337176,25,6545755,186763,1
102442,847,349136,3,238996,118575,1
40203,344,687522,1,1418021,0,1
89512,635,5954608,12,2146637,0,0
53474,847,8066768,10,590603,1212431,0
487437,731,1030935,7,2699677,1372669,1
114514,822,1229558,4,1849318,1439807,1
254869,645,5621463,13,4005144,0,1
199373,621,7206643,6,1720857,23242,1
159581,515,4249999,23,838726,157690,0
67427,824,578264,31,1083356,548915,1
105573,670,3089498,14,190144,321304,1
60288,364,8586950,12,2482922,0,0
114760,792,1728968,0,6330944,0,1
68984,888,170735,20,4263714,898904,1
34063,441,1599950,24,59271,744580,0
76087,764,6677818,16,321927,196035,0
30956,793,880737,19,13447658,109044,1
41290,632,178173,23,17755549,32762,1
98098,393,9418863,24,1797037,0,0
50650,441,9245503,18,936790,464737,0
130039,876,1570597,9,7332224,0,1
80231,669,5830588,29,6856494,1991558,0
109650,858,8806039,2,1807161,0,0
328045,587,8443167,15,14965631,0,1
46574,573,5892039,12,16622022,498223,1
73180,687,8438044,2,22820920,135082,1
50790,690,5231834,10,2385858,0,0
54393,807,1539574,1,1938387,197803,1
47068,460,148977,31,2755947,1701479,0
157439,861,1640736,23,359698,40784,1
102249,341,438118,3,126949,133272,0
52181,699,3818744,9,172961,0,0
50349,836,1323614,19,2946411,1372762,1
52009,715,5084968,16,54917,0,0
72527,697,7733183,33,3121912,0,0
222478,619,1053524,15,9371036,1835763,1
80752,850,479826,24,1808044,1193761,1
33561,494,495370,35,9625956,2244419,0
68956,856,1356461,12,110895,0,1
119021,487,1558934,21,3672065,0,1
34230,878,7755283,5,3663463,3166462,0
44134,509,9461695,8,5003065,11241,0
103566,624,127601,20,8718256,116465,1
43467,571,5021737,17,5472385,930245,0
111239,848,3480427,12,1181400,0,1
35811,643,3779773,13,914351,686017,0
37822,701,346177,3,2382597,4695503,1
33847,647,1590817,21,139310,3689273,0
55581,534,915914,31,4695042,0,1
140426,662,7680643,15,153985,275191,1
47372,885,472254,21,698501,0,1
145795,303,231620,17,4638443,599560,1
267776,813,5585300,28,1856687,81064,1
50879,661,5555854,2,1524519,0,0
97609,696,1766935,14,433199,379911,1
41795,649,8654699,22,7630965,138700,0
291008,889,334534,3,6284076,457282,1
117358,776,4709758,14,7300906,541055,1
77967,532,1335741,34,553251,2243061,0
94132,825,9360569,1,448042,0,0
74401,723,7983401,33,701910,0,0
46249,601,1421928,15,3873757,139219,1
48555,577,9807873,32,4872330,311357,0
95677,707,8185827,9,1299062,1741701,0
35227,659,2424592,13,1163481,846063,0
296475,783,737805,20,113640,744583,1
52591,882,101371,20,9561362,16988,1
34334,704,3891525,0,17023366,785358,1
62293,895,2912864,28,1307700,78938,1
48233,772,9257746,13,2347944,190442,0
34208,848,7045422,9,419086,0,0
70647,526,8066073,2,85833,1039710,0
102894,696,6829676,33,4410723,0,0
97532,891,8935968,5,6202132,118445,1
102573,757,876472,10,23486516,4884275,1
408187,759,416637,10,1809704,465043,1
77583,528,1560183,22,994479,0,1
35212,684,4497707,21,99524,10141,0
359825,664,302923,20,1789763,0,1
35858,816,5245161,7,430240,786523,0
129219,536,426260,14,1924149,359375,1
50533,659,2166720,30,9449044,0,1
133012,858,2285636,34,3644669,167520,1
70692,646,595734,1,634523,1691467,1
165131,746,147985,11,581361,541083,1
79767,770,2679273,27,320238,340150,1
98882,775,5844944,18,87668,4720119,0
71828,649,167823,15,4389138,0,1
44152,522,8759316,0,6387341,621436,0
79680,602,330026,32,1550166,4194353,1
75253,820,6321875,12,6347253,4753137,0
61646,561,8255234,6,3868734,44014,0
85398,483,3900585,22,6834576,1489828,0
94342,870,653548,9,6325449,61993,1
96598,600,792636,7,177078,648108,1
59463,786,2730350,4,22466904,4859473,1
83054,669,751625,15,2799711,184537,1
371549,440,5531947,9,7397685,0,1
69196,801,4473395,26,682349,161188,0
131914,643,1712646,6,322789,0,1
60739,797,8795619,2,237192,0,0
141180,885,2831780,0,3516358,0,1
87235,536,864879,2,1482560,477683,1
93449,639,377460,1,4631374,202202,1
104772,758,9875506,33,226713,38033,0
54943,521,2748305,26,2678249,86951,0
35395,720,931935,28,5833947,47435,1
59841,815,6542175,14,1856875,1512462,0
44758,733,1884437,31,368252,442115,1
37536,501,3319604,26,4656936,166104,0
32926,862,358346,1,451501,170955,1
142543,662,1540037,26,777162,0,1
44516,534,888911,16,24994598,25163,1
42129,567,8170876,18,566301,427919,0
43400,671,951078,29,9224702,4545350,1
33673,617,6269688,15,73073,139834,0
133508,653,1655670,10,16212378,130406,1
47854,872,141727,23,14960994,39630,1
102822,541,2160791,27,55103,703744,0
402528,674,1164477,3,4983802,131030,1
105753,532,5089962,29,2530811,3744335,0
68931,550,971541,30,8968115,1853447,1
100521,554,4163002,26,5185483,176581,1
118949,884,3331518,1,874131,0,1
125380,536,710458,0,23249301,0,1
32672,467,1335636,24,184390,1538718,0
77065,887,3252417,15,1615638,2043643,1
40752,614,8324650,21,1709868,0,0
35881,698,5141003,19,1260904,1802178,0
59653,662,1773539,0,728297,0,1
104679,485,1786965,34,24950199,1066983,1
142920,488,306059,23,13990329,509497,1
68401,660,1989299,28,1915432,1060409,1
82635,556,3191797,4,22379461,0,1
58898,642,1261771,16,1483776,0,1
250373,815,458598,13,4270226,92643,1
39810,637,8023342,19,4171953,2697404,0
190045,752,3048928,9,1572549,0,1
56936,700,9664467,12,3975855,0,0
165980,630,1050924,19,601451,406837,1
60373,762,6912995,3,497416,0,0
160767,605,2467743,29,5631285,0,1
87426,538,796172,11,440334,143717,1
39719,420,204209,17,1132006,147410,1
38742,883,2075556,19,414896,180335,1
73161,692,3625062,12,798066,67340,1
95470,471,8741788,28,727494,81235,0
94247,765,211441,31,7323694,0,1
36721,647,636468,31,3561952,348146,1
86925,458,157657,22,6243222,132889,1
245825,684,7537620,15,341158,1626866,1
78062,680,1189269,34,2862772,0,1
114300,725,3797785,17,1428148,1916373,1
109449,642,4143899,7,9844461,17592,1
188714,563,385283,28,1227147,66311,1
41667,800,392281,32,21255702,82427,1
114560,705,6623276,20,7132368,0,1
40956,622,5684037,34,2794777,0,0
117817,759,4936399,34,9890808,0,1
62760,626,205559,16,4758258,0,1
174501,863,1939360,33,232015,1992181,1
104622,765,5809777,1,4048960,158481,1
35074,831,854576,13,12227737,0,1
45095,630,7673198,26,5731564,0,0
86828,658,170928,25,18692096,0,1
91265,686,384542,11,7218190,0,1
255592,708,6574005,4,4635074,129210,1
187018,820,8640762,1,2841722,0,1
161195,761,2200258,30,237450,2167107,1
421874,835,8169146,0,14912830,1702790,1
209388,585,3508674,18,8206153,0,1
98471,750,3971259,16,3984668,0,1
128743,544,8488353,34,2132215,685634,0
94042,786,606887,2,2076219,100636,1
77921,862,9351336,17,969158,791420,0
35121,852,4404339,10,4316733,92223,1
70534,528,1920439,35,493260,547221,0
74930,662,9890454,16,697283,709429,0
72662,634,285866,8,3372976,0,1
35999,836,8038548,21,217224,1017092,0
201743,602,574924,21,22691314,109769,1
114759,783,213225,21,12982461,0,1
53573,652,8800730,5,1698807,0,0
77746,310,488482,34,344481,1460375,0
58195,609,676818,22,254688,1073371,0
42513,500,937850,0,345500,21023,0
33863,320,3142324,34,8859090,1355808,0
58889,789,6239804,14,7548553,385415,1
78277,744,4958595,26,1904954,148560,0
67672,571,4949844,1,213145,429510,0
162486,753,4398751,10,596658,0,1
176773,695,4621165,30,2411287,752612,1
115645,808,7444110,5,2210075,2754351,0
186439,765,9499734,34,4553779,71721,1
76941,619,869499,28,23783521,761733,1
41860,684,582185,28,497855,547679,1
43909,312,943978,19,7039312,731103,0
189746,602,195714,13,1981059,0,1
387030,789,1469651,14,1102708,0,1
69629,324,458804,25,17028058,0,1
47083,766,9782713,3,1380515,0,0
101442,369,394866,11,7458234,1130513,1
30670,633,386176,35,1355062,0,1
138128,546,5448986,17,724845,0,0
63073,406,175428,10,16028573,532121,1
52296,862,2253525,6,1800865,0,1
101162,540,1151253,30,161571,12031,0
98376,773,2397666,26,7584028,24118,1
108809,691,449165,16,653826,21540,1
107193,798,752222,34,9977763,248616,1
67743,538,8028514,0,22573476,3251319,1
55326,520,9785718,20,4905859,1903574,0
53328,579,1786699,33,4499365,193800,1
46808,582,588111,8,2178033,36010,1
165766,832,1041890,34,514583,18907,1
42161,508,7428178,28,16964571,0,1
66875,371,342814,24,1634658,0,1
49660,554,1786889,12,22661848,1103805,1
64005,885,355278,5,976871,0,1
32702,780,1768041,12,391421,0,1
38336,799,1562741,17,510289,4278098,1
81157,878,3851662,13,300312,0,1
76851,864,914050,30,126368,793587,1
40399,670,1835533,35,1749584,210591,1
42941,543,4491248,30,55350,3256737,0
446272,793,239896,23,467987,478053,1
66551,737,1545035,9,21410743,130196,1
184007,886,7496892,26,453103,0,1
37387,774,158821,6,1838397,623499,1
73210,764,8301170,3,11907414,631629,1
173753,845,7601498,26,342720,0,1
79302,608,7528356,33,3781446,179630,0
48408,582,3389895,28,405249,96960,0
117713,696,752990,35,51952,0,1
79317,562,9942776,1,23395398,1646297,1
456559,885,7487650,10,1321256,461914,1
61819,597,8179411,29,441882,0,0
159486,607,584140,31,3743062,3660297,1
53318,847,337888,7,3944874,0,1
136015,308,4260926,19,944354,566473,0
53475,563,1837164,0,3696754,2956025,0
42099,590,1188759,11,84353,188272,1
47035,726,3199787,3,14747053,726661,1
45533,637,2810364,20,23086506,329480,1
372777,772,2025585,0,3405246,1242866,1
42787,863,1237136,8,6342947,42500,1
74426,588,9202747,19,1872527,469520,0
235030,665,113803,26,452529,114169,1
67172,792,1509193,24,729602,557493,1
53304,748,4277687,6,3147713,78772,0
40656,521,1596483,23,69488,385741,0
175914,694,583123,25,1127479,0,1
46245,405,428553,25,1091046,0,1
61824,606,1245042,23,4933610,376138,1
59204,568,1465623,6,21487914,515353,1
39532,638,3887982,9,1338382,592281,0
100026,338,227664,9,7002713,2095054,0
40359,862,2668817,31,3290955,634720,0
65360,862,7023332,10,1330030,182291,0
47528,646,9280873,17,10398641,0,1
43641,748,1901230,19,375475,82968,1
62555,837,441923,12,6249107,109596,1
140254,631,7467738,2,4444871,0,1
114919,388,2768639,12,1112696,4264243,0
45105,801,2281472,6,3730527,4312172,1
87531,528,1253174,24,4173483,1324665,0
58649,799,3553198,20,15993752,617084,1
59352,467,5164644,17,73266,58583,0
264723,740,3711770,9,5923628,1107516,1
98189,806,7684111,18,312086,160818,0
34866,673,7116725,3,2054835,193555,0
104045,742,184516,21,5400823,764603,1
78938,698,510416,23,2287501,0,1
37449,693,135267,29,81826,2777112,1
49974,513,9321515,15,9934696,4673365,0
46767,502,1195880,35,18618208,0,1
32653,552,1679657,11,3475789,1550137,0
194230,334,233019,33,3399884,760806,1
46075,887,4666951,12,1560435,0,0
34811,745,124239,27,2852024,71911,1
39997,756,1567468,7,24531629,0,1
50663,301,695485,34,18549613,0,1
177766,754,9355481,4,375543,1227601,1
47088,872,5421880,3,237404,0,0
68583,598,7350654,29,11607749,0,1
42546,617,165263,31,1660795,78469,1
77488,641,1931206,4,655189,33833,1
41930,682,9042879,5,1512875,185780,0
78639,730,1830773,27,68173,109442,1
73311,787,7350397,6,1367810,1119479,0
64071,335,6231833,7,1428364,18603,0
72982,770,8126685,9,2341734,0,0
55658,889,2533046,4,392794,162523,1
59857,463,798738,7,2560484,1388964,0
103657,309,381759,9,1157626,624065,1
180291,688,215220,0,1776361,0,1
39173,787,4385909,20,8046109,0,1
178477,751,1874908,14,8655480,695766,1
47201,588,455687,31,4710380,0,1
36080,683,4798510,32,1496924,758296,0
90981,839,328569,9,18428720,0,1
107101,870,700465,0,133131,712071,1
82750,811,280265,7,359313,1118670,1
54177,524,638809,16,8160025,0,1
30399,620,5848526,29,3550533,170983,0
93105,714,2649175,18,495061,486828,1
56554,859,9654267,10,558636,388506,0
346080,521,7605908,23,18702483,337601,1
61091,861,4092605,19,9647343,66299,1
264900,311,1794605,3,3684737,1581409,1
71215,534,3718948,5,1157799,0,0
129996,613,1559129,18,278834,1183811,1
174753,329,458007,25,5641085,2309920,0
69888,616,1159788,4,3167733,0,1
189104,856,2782899,27,9164642,0,1
40510,598,1103325,27,13960026,0,1
114280,707,7645532,26,2664515,31516,0
45125,608,263688,25,358243,0,1
78219,844,9103092,5,5129550,0,1
90914,599,395696,23,1121360,2468492,1
89791,806,1075321,5,16188079,3458629,1
66148,836,254898,15,6427205,1196471,1
45703,684,405372,34,357325,177656,1
75051,694,4277209,10,11475908,965197,1
139011,630,4805328,29,1066843,3926086,0
61102,690,186598,34,422136,879126,1
123480,772,8505995,8,493838,256211,0
147604,696,2854288,29,76081,180252,1
62147,860,9763875,3,393150,25269,0
51722,765,3368896,19,12618950,0,1
74712,691,1201711,28,9919160,0,1
43381,701,366042,19,290133,0,1
81752,342,529571,7,785264,116079,1
89062,592,1798618,0,3039251,0,1
33132,646,2143771,28,775298,115699,0
108118,762,5021427,11,5027877,39117,1
40954,503,6422190,10,345173,1258913,0
60365,630,8192687,18,1684882,1652741,0
75894,327,9929445,25,1998738,0,0
45883,506,7290920,19,370338,566809,0
100547,553,318394,0,311425,0,1
87879,773,495017,25,482782,1814909,1
152034,598,2612091,25,16164178,393385,1
42393,725,8559789,12,3474858,0,0
147995,774,1610793,16,1103360,242255,1
45381,533,222655,1,135394,152258,0
32046,868,1610906,11,3305648,2414724,1
143162,462,9618752,5,584096,0,0
262262,497,7202672,6,842935,0,0
40852,603,6376348,23,1391401,114160,0
46669,783,333015,13,387982,96746,1
54034,461,8539139,21,19377917,150213,1
102181,726,431724,25,4931000,587345,1
409353,805,9369111,16,1709435,74441,1
40040,566,1426964,4,1037753,348380,1
108383,700,942670,1,2631851,0,1
39960,798,2816616,8,468082,0,0
160286,707,6656643,32,2314662,0,1
103692,627,629937,5,99899,0,1
109412,605,5562385,14,1345572,24920,1
250780,860,1177888,4,787320,0,1
152298,356,2064075,9,2683660,0,1
140287,716,765636,30,912514,0,1
44123,629,5612232,21,4792087,95624,0
76547,806,789359,8,185117,571580,1
82438,332,509993,27,1930412,2798130,0
71375,710,6286974,7,3385577,967413,0
116254,812,4149533,14,487681,0,1
293137,865,2245667,35,11229326,1124537,1
64151,740,2211752,8,976377,0,1
44808,557,7061758,31,19485819,0,1
100544,674,5421038,26,787951,0,1
42543,300,4335390,6,192433,169315,0
53403,664,8887273,33,24191368,3341429,1
283446,547,394082,32,136766,1156514,0
59855,544,1579480,23,24101072,0,1
69468,507,2069715,22,1295984,33142,1
78043,755,2871781,8,466959,467354,1
68002,675,1438104,14,4635061,0,1
39585,724,6401643,13,52836,2088668,0
167008,578,1931888,30,21245374,1215689,1
67182,633,1261064,1,2595997,92516,1
57184,773,7323856,24,1495385,126448,0
195685,552,4705640,28,342050,0,1
38733,855,372675,29,861560,124945,1
329642,349,1466673,16,4515994,0,1
108403,693,7397975,9,4639060,4386180,0
237704,506,308434,13,934555,0,1
49170,657,7747280,15,398996,4466047,0
64175,543,5864064,7,9806196,167284,0
247646,365,211517,29,18050236,0,1
37926,334,6542188,34,683882,0,0
195456,519,7123802,1,68318,145070,0
109563,515,4588778,11,332703,0,0
42729,312,5825061,17,1119606,1837312,0
81589,867,4861389,21,92727,173005,1
59657,826,3873694,19,3124345,263813,1
31086,761,7323991,24,6005627,174972,1
61798,611,3762676,31,4422893,0,0
55174,742,3658181,29,9652661,12191,1
226124,730,7786861,21,7836962,0,1
33606,501,355981,27,864674,0,1
56079,575,1650447,32,6606336,0,1
53459,793,5615409,7,6582383,1050755,0
35023,718,5688924,20,2628574,0,0
434053,453,2008528,27,8574762,0,1
36028,889,1999066,4,127895,930628,0
68573,446,2689188,19,2433616,94196,1
196376,421,9676495,4,668154,1101865,0
42311,622,8800610,30,585239,60253,0
91015,365,405049,18,15417337,79963,1
64759,805,961938,17,9203442,0,1
153723,672,214668,28,4448200,210731,1
47753,792,1836301,5,1658393,941352,1
51192,871,394555,26,11238956,61398,1
160422,704,4362477,26,1768169,0,1
84219,700,1526873,5,821207,134209,1
114324,506,8048094,21,900519,351394,0
257687,727,5419541,2,810763,0,1
57840,866,8330113,16,1451687,0,0
78997,759,3680685,16,410994,569609,1
68198,850,363294,19,615369,0,1
34941,727,1220193,33,353339,772676,1
45874,782,5187184,0,397489,0,0
45832,739,3787873,32,629684,1062136,0
37730,719,1830724,1,748338,45210,1
98185,770,434386,7,741146,388134,1
30497,564,201855,5,12189180,656395,1
40169,693,1818162,33,1249369,1719338,1
45417,730,1430815,32,2778362,394021,1
66833,749,894236,30,7433084,84139,1
47987,900,1566746,20,7913069,300759,1
230122,685,2140493,7,11318088,1687513,1
32130,671,4585958,17,9934749,0,1
69778,692,605955,27,2160262,71483,1
35042,682,145988,17,2032660,0,1
114471,768,8257471,25,4136010,0,1
63317,464,840958,16,1435267,80229,1
71772,538,476372,35,3129218,0,1
47166,721,5951071,16,423919,0,0
91551,855,8282771,9,20645423,1366052,1
166512,527,7792227,0,417636,130535,0
79970,436,2319964,23,1076578,2937254,0
114190,825,312037,3,738198,639739,1
196147,814,4826701,10,3380157,3185651,1
30586,879,8702349,33,1576734,638470,0
237035,646,8741071,1,4437048,1861074,1
160916,533,6488804,13,905408,405930,0
46393,447,419125,31,1213757,0,1
32894,641,5277962,24,7164190,1523266,0
113404,729,4511572,28,4262102,601102,1
49786,748,351220,14,1430645,0,1
46784,525,5034331,20,733521,489186,0
36509,723,3306902,32,15734166,0,1
85048,713,1554923,2,3785660,2789849,1
41314,668,5740284,35,5551887,475643,0
71414,858,9727379,7,1056958,1329382,0
54390,702,7199107,27,2120901,360319,0
33938,392,764142,8,2969295,612470,0
46150,676,5399833,1,16212469,856852,1
150123,492,4445077,5,20203862,0,1
65577,760,4298234,3,21260157,91742,1
43429,836,4872159,23,7720518,0,1
118254,819,985667,5,5458744,1398696,1
57313,398,356244,14,8441859,175574,1
41802,720,661462,31,7539398,479430,1
41744,666,3917366,5,124420,151913,0
204614,573,7540913,10,19960001,3470645,1
44884,752,4073065,3,9107224,794945,0
40924,738,3010033,7,1783306,366361,0
35270,641,171977,31,1542209,676475,1
35307,829,6356583,31,3815856,3318057,0
101335,594,8968419,29,6787320,467896,0
168636,799,411774,34,97572,471584,1
288678,790,8997324,11,6767680,2819212,1
133563,743,2566279,15,201218,288850,1
105325,898,1477822,33,8996454,339846,1
294740,660,2128782,29,1289213,542537,1
46378,312,1641485,3,697797,1228663,0
56111,604,8736166,24,16673923,0,1
37857,680,2169142,10,4997826,119769,1
95847,592,404772,15,5370114,131377,1
57651,861,7554621,16,3965800,749228,0
93847,754,2032384,9,359683,0,1
40971,618,4043513,14,450889,1269115,0
31936,609,9674532,5,495210,534627,0
51464,631,7435067,10,274693,0,0
46189,592,1763883,30,8291492,354681,1
457354,747,9263893,19,1660899,117424,1
37453,534,5909726,29,541583,580507,0
72222,602,1457337,20,3433717,0,1
58058,406,102109,29,3180051,0,1
243371,744,1315960,3,990254,0,1
60398,414,1099230,2,513840,0,0
59073,758,1693014,10,16832331,682689,1
78040,625,547526,4,153648,638857,1
56471,780,1624264,29,1117009,348092,1
176062,790,7801788,5,730214,0,1
128572,811,1491679,28,5258816,0,1
116005,704,2759849,16,16547347,752720,1
39990,310,3140701,12,3937071,1594043,0
205173,846,8531163,32,17429952,546717,1
116415,567,9909666,27,2936285,0,0
39470,786,1683987,3,844682,129916,1
75671,611,9601495,12,17150238,590565,1
216230,539,1938630,19,335023,0,0
68544,900,2569770,27,1946313,346452,1
71492,645,3026078,18,7041616,688074,1
32486,511,6101023,16,6807882,801829,0
290254,876,1092374,0,255933,2329936,1
87258,783,174527,33,8548375,2217803,1
72397,800,5851069,14,1968447,0,0
104638,886,3012457,31,657872,0,1
117447,778,1948694,8,293213,3770008,1
62826,693,1948608,25,1975527,1938738,1
32124,525,2159917,29,1886655,253363,0
233442,732,3423768,9,2876582,155904,1
129152,813,6079772,3,4767633,77392,1
32714,650,5287998,10,1934145,0,0
192684,690,1213088,11,9505254,0,1
369539,458,2686183,0,1658880,220309,1
320348,510,145310,11,5748740,900117,1
59586,563,6281296,21,8389645,0,0
72416,877,1591945,15,1209420,0,1
45908,651,7520773,28,6751613,358524,0
466722,664,9698487,18,18623033,3561117,1
57501,769,409247,27,1793610,0,1
307166,534,3851429,32,13991704,0,1
53831,709,7440942,11,12840289,0,1
44835,899,9573189,22,1756312,0,0
121469,654,9654419,29,7356407,169415,0
108860,773,232756,33,469663,1787323,1
155940,778,3235973,8,9374937,84378,1
58212,608,1554799,11,498503,0,1
83790,321,1530337,35,1363593,148206,1
37980,798,3470483,10,925563,0,0
85852,705,6994629,25,8658576,157736,1
37017,614,9215472,11,4639993,710913,0
126943,551,9688515,34,453647,54658,0
236480,408,2354797,26,1881090,0,1
49891,826,6136219,5,390314,0,0
79435,569,4259443,5,4413973,3668225,0
107549,749,5856504,6,7496726,1030628,1
41365,773,4646261,16,393924,777282,0
31607,757,4241662,1,342814,71199,0
115123,639,2298141,11,839805,480278,1
54219,780,2894353,25,12657400,0,1
48233,370,4586417,8,4126040,0,0
165548,637,645790,1,328105,1351733,1
218498,625,8145871,4,273901,2585874,1
233837,659,442314,10,7577251,1937347,1
33564,797,9916543,2,57685,779224,0
35924,738,413476,29,5318617,44093,1
86401,438,4658322,10,8848260,1963093,0
53558,410,1438495,11,199551,226590,0
63966,659,9894840,3,1310393,32891,0
101850,812,735950,3,391359,0,1
38765,830,4770020,33,270000,138376,0
73227,745,2256958,30,18062426,159831,1
68763,369,339514,10,1569527,329632,1
135255,392,4640802,16,24807640,698158,1
105244,745,439978,28,8792003,2670372,1
204904,899,709746,9,919211,2304296,1
201569,683,9611807,3,689393,1328404,1
42821,438,807255,25,3536133,117096,1
59441,674,4895800,5,1123495,734740,0
101711,621,3439053,11,846536,0,1
34859,768,413766,31,215072,0,1
38554,869,6689811,16,998500,586272,0
68390,900,1324685,28,12902319,0,1
76926,843,1591559,1,1157601,433741,1
96294,818,5263048,4,385143,327554,1
74435,560,2008960,27,3217915,1704231,1
44280,762,2512156,34,5109512,104039,1
34342,603,809103,22,4589506,23181,1
40914,674,1511019,26,1435051,25973,1
262381,721,5609486,6,4037234,0,1
46105,817,1136307,33,1642707,1024611,1
59986,833,9127210,18,7838586,1293779,0
41387,508,2349133,27,1487853,0,0
106115,831,7660891,16,6604317,126684,1
92097,676,3868423,23,12382537,516366,1
109326,537,3805869,13,9681483,0,1
83005,747,7380335,8,1386193,1101918,0
46602,808,153774,32,492477,340967,1
106957,853,1548896,11,6092529,1324127,1
296628,572,3087762,34,229193,1997750,1
107279,668,9811981,18,3239369,481364,0
239042,549,1181516,32,5806317,0,1
47357,682,1630073,34,193804,115791,1
232868,431,850373,11,1097658,0,1
144537,877,1368389,10,2734395,1737687,1
169420,862,166449,0,3395386,529329,1
98017,843,6520975,16,466393,0,0
34570,822,4612294,34,415979,562649,0
265407,682,487615,8,370669,0,1
199424,792,3309208,12,106332,490428,1
312202,719,814112,17,9515531,0,1
43044,878,5934526,5,1754630,0,0
169036,732,4417758,16,6202184,1130370,1
77482,837,4000156,25,1786289,0,1
34326,808,2183740,22,1597064,0,1
199429,717,714708,6,18984796,1213712,1
131255,766,7843598,21,835639,1581281,1
64230,546,593389,19,8701142,151271,1
37342,752,856617,16,3184562,0,1
86095,814,4506300,22,513031,0,1
84182,714,9389644,11,487328,2655559,0
33244,560,2674286,32,16306096,543966,1
46274,643,7144896,13,10849422,3953867,1
104952,334,3408704,16,5970632,572361,1
33845,698,395084,11,255347,484769,1
191477,704,3509512,6,5415969,0,1
47964,724,9930590,15,2886592,0,0
74611,694,7108099,1,16544991,1048131,1
77454,309,1954950,35,1373653,4247826,0
219699,869,7705952,34,192251,0,1
34757,596,4687942,23,4730022,467994,0
49643,618,818282,16,23026279,0,1
369731,535,1668571,27,23394771,210422,1
162489,830,3311252,20,16701163,0,1
78981,746,6964008,35,5006177,407652,0
37682,366,688732,11,1414133,0,1
119875,532,917990,19,6473396,0,1
206593,538,6453068,15,459742,73299,0
91730,814,7119567,23,1288536,46174,0
268636,543,658101,7,118877,0,0
234964,803,428458,24,401079,2433226,1
110786,731,9791454,28,634362,0,0
178317,555,3069210,19,5050692,55437,1
167085,515,472638,22,13848293,0,1
256111,768,1480293,14,1572467,40246,1
51262,686,7665934,6,399363,0,0
226807,816,940235,32,6192834,0,1
266436,875,842014,6,12652565,3460432,1
171870,364,7994888,25,1012767,166103,0
126250,833,4103941,1,4524091,2611347,1
172936,627,404547,34,671580,140680,1
31019,840,2745589,8,2778347,192163,1
35631,771,138835,29,1675144,144037,1
88599,582,7037154,19,118682,24763,0
143314,681,723794,8,24172144,397870,1
232570,689,1217873,2,17675550,2592661,1
66813,900,9843801,26,1675176,0,0
47320,536,3913149,11,1986781,0,0
87680,630,465230,32,9526355,134826,1
103196,796,362430,4,1091334,2256367,1
129738,596,4297524,22,5618346,97857,1
98263,882,4820411,25,237290,1866103,1
62454,395,9557349,4,182212,0,0
36127,732,3173055,7,6342769,0,1
90205,749,106277,30,16092640,0,1
75409,438,343962,18,155719,149229,0
270754,773,831412,16,95504,515920,1
48769,720,5264922,23,120620,0,0
67920,487,1494074,18,1405890,524706,0
297004,727,1778691,27,1940724,0,1
166747,831,4300489,33,3386582,0,1
40685,679,6059279,22,2250348,410240,0
260467,617,9613336,12,13922038,1792817,1
115685,699,3505280,24,23399311,0,1
58296,880,6512416,18,2201099,0,0
100302,728,408907,17,3003683,166689,1
89062,590,3391243,11,1230611,4509091,0
86664,628,6514304,27,8616286,120755,0
55495,681,1272201,30,5024938,1944926,1
77481,669,9704380,17,2254253,159936,0
59838,624,8674593,13,603580,0,0
187493,352,5284733,4,4362749,136030,1
81920,799,210435,32,312939,0,1
278930,745,5915677,35,1818023,431301,1
87767,686,463802,29,15179075,0,1
59400,606,3033499,29,1239343,0,1
48874,682,6931482,16,1625105,3223897,0
31391,767,258895,23,1597875,1801764,1
195332,796,7944008,24,6910261,96856,1
33059,589,441955,22,6090117,2769457,1
47745,738,258497,6,8401568,243695,1
58561,768,551771,21,115659,0,1
35632,816,133788,1,7639208,291010,1
42432,565,5767052,15,11424925,1921168,1
34768,801,8870379,13,23782183,3571012,1
136802,738,6024037,21,3130695,28526,1
71604,626,9065109,16,3367533,83223,0
93166,625,5836127,16,625793,0,0
128885,652,1327704,14,185357,741486,1
41290,619,211546,16,7096755,316680,1
53871,566,381855,25,916726,669781,1
37464,549,4911192,18,1253873,37379,0
54789,522,1358803,18,3559611,86365,1
77488,356,3582964,19,1159461,0,0
54113,759,240180,14,1988402,96680,1
51752,819,164233,34,6975377,799641,1
49495,856,759787,34,214848,725541,1
41828,601,2513026,3,3203009,0,0
47121,651,391579,20,5494667,105857,1
265613,672,794067,21,4366883,186504,1
79966,754,271570,0,1573438,53024,1
382894,888,165391,4,267068,0,1
73575,659,8354083,31,1830418,1050818,0
200606,678,2469516,32,1871739,3262303,1
36746,619,115989,20,1672078,366871,1
79801,718,1747357,8,8606661,285995,1
43343,714,3192316,24,11255508,0,1
75805,898,4331144,0,6744619,480546,1
171342,868,3703808,32,5435814,0,1
48817,677,215756,1,5223399,3706658,1
53986,708,698924,29,3005513,0,1
133809,621,4910879,32,6210272,109729,1
88763,513,1255512,9,551777,402761,0
92330,602,300902,0,535080,379461,1
40929,647,1090077,24,8281418,34238,1
170835,490,9224322,6,241824,696672,0
43595,516,6754504,18,15515845,0,1
41640,428,407393,18,1510987,0,1
35990,737,7557119,21,22450484,227933,1
139904,579,3840045,35,307668,133708,1
295584,857,1712331,23,1910209,92772,1
48858,530,1139751,10,7862048,124543,1
269865,794,918791,10,429474,78678,1
37648,568,6759053,15,9531672,56155,0
171194,822,1622001,35,2859455,60204,1
125978,596,5587856,5,1336741,1013493,1
41535,858,144059,6,1725318,3370205,1
69946,627,4663380,7,4933276,0,0
136781,767,2442688,14,60115,595018,1
196458,593,4774457,10,7431883,410204,1
40079,834,760622,19,9231944,894740,1
57062,520,8647261,23,482497,0,0
104759,880,1022314,29,3311012,86336,1
57827,627,2598211,12,311591,0,1
110989,303,1660247,23,2876323,4825244,0
135413,304,3046957,21,4993147,520848,1
39786,823,8210047,0,2752473,0,0
37830,539,701152,5,4274195,190344,1
192041,664,2030867,6,284642,0,1
36565,883,2686926,22,2594899,1534177,0
206968,865,262057,4,313034,350484,1
168534,609,9101924,22,282375,0,1
172615,820,772124,10,893263,0,1
225174,546,1837131,12,2525714,556543,1
64744,573,7935868,14,5400808,0,0
456808,684,1745526,1,5628941,1247911,1
183238,532,7780393,30,1958087,0,0
151197,364,5803946,13,3156585,0,1
33180,639,173780,14,24056243,0,1
60432,853,4704993,4,14147865,601217,1
85656,626,2895626,12,469055,522095,1
72786,718,125951,16,5411191,0,1
156622,869,9578824,27,1534955,0,0
57277,743,7608522,7,1638181,157867,0
76905,548,8208229,33,3156071,1457620,0
44575,399,465942,27,247345,1872857,0
118526,630,1134871,19,5890864,0,1
51252,703,884470,3,6234149,1421993,1
77677,880,4140996,32,350011,1442956,1
65262,614,2715071,11,67097,0,1
65286,643,364076,2,3226921,1455904,1
36501,574,3388632,13,1975163,542521,0
45615,853,1899760,30,15656798,92905,1
72932,410,452367,4,496629,41170,1
35664,674,3960523,13,5155342,0,1
142262,685,9707062,23,8054274,0,0
188373,796,7590766,17,1416714,3232593,1
131030,664,8462970,5,8490988,4773253,0
47419,325,3736148,11,440792,148912,0
62123,588,2926212,23,298754,119779,1
31047,795,452062,35,204075,2171807,1
48599,731,2172898,32,19212246,2720062,1
68866,411,4550126,14,2322527,569873,0
189697,759,391518,27,21617119,747107,1
70691,666,1251018,21,4852776,413442,1
183382,878,4836275,19,343777,35236,1
66673,692,4705929,20,2120415,172299,0
32723,708,4251799,32,422156,0,0
30420,494,2919253,3,13829427,519087,1
287029,508,2429887,8,1741358,369445,1
37659,319,1376979,30,6369309,39672,1
194226,866,3476650,2,22432144,1123562,1
88270,711,1729094,18,2391560,219942,1
214534,530,5275792,7,18476919,62853,1
99113,692,117675,8,134011,0,1
143405,632,283851,28,1929439,685929,1
30931,386,2500477,25,4006293,454143,0
240581,789,9792452,4,1489829,49921,1
38427,806,5831079,35,278297,162564,0
107714,630,2711862,35,15843790,625370,1
192427,777,1549002,26,3507727,13128,1
94258,897,9043887,4,20363469,952487,1
70119,785,232601,4,1524003,96294,1
94255,867,304492,13,6196795,2723398,1
47367,539,9208179,24,2923893,2175632,0
272099,747,1109909,16,601833,304132,1
51045,820,2597695,27,96872,55736,1
131346,761,1163081,10,1327439,474527,1
248010,645,559091,27,1926516,0,1
94228,520,169934,32,3596241,78606,1
196296,674,6899476,1,8680972,987291,1
32637,743,435339,30,1396973,0,1
240539,660,1035905,35,8174903,986474,1
61948,839,1472571,10,1695995,413106,1
249294,621,156667,15,8734411,4689255,1
41994,685,4333395,21,1246817,117529,0
61435,488,779445,4,12815720,131094,1
76343,812,106507,25,768775,0,1
114933,546,183225,28,4571434,639396,1
34796,505,430564,9,2118288,728409,0
30304,794,301059,26,401683,94025,1
149516,477,2682292,10,265229,0,0
48663,654,1545777,35,798961,0,1
42877,661,2685276,35,377141,0,0
68539,658,8875880,5,157325,4619040,0
191256,444,2110016,33,9605517,0,1
76680,432,1506026,23,346651,3839421,0
73463,862,9354469,4,158132,0,0
62147,721,777937,5,347979,0,1
243267,642,6045058,3,107771,0,1
96140,664,418896,19,124742,336039,1
167959,305,1216287,8,1894640,3641544,0
67368,853,282708,26,1381192,952320,1
195571,777,4496570,19,917718,54939,1
84858,626,1480781,5,181230,159379,1
69518,554,482063,5,6616303,0,1
455437,729,2174372,23,1938864,453744,1
49314,577,4876653,20,356202,0,0
30529,606,4543579,30,16512095,128988,1
263816,482,5202806,22,4305387,320994,1
166384,778,4611950,30,1251636,173984,1
95367,793,2190958,35,16954333,83303,1
194858,479,599504,29,7586579,4774373,0
100419,475,7441238,3,6794442,1791682,0
74872,628,7684989,29,302609,39257,0
39590,304,282118,15,384164,99827,1
42086,583,9781142,28,532463,77016,0
287969,743,1241227,19,909417,553476,1
72709,684,1464398,27,1513874,1113712,1
118977,712,4360557,33,9434360,0,1
118601,702,196817,12,559820,129339,1
43533,678,7647846,18,4805020,412723,0
40432,302,562969,23,17128657,2147928,1
260680,667,134371,28,1005010,0,1
100386,819,7776626,6,84584,2909396,0
192540,728,6551668,6,21044809,1929744,1
52619,645,250007,30,156248,306028,1
288450,686,5797124,31,3260592,1175958,1
93663,760,4664545,23,5340354,672501,1
76692,452,3329454,20,395511,285908,0
32596,562,6555020,24,8767085,31782,0
72249,854,4890406,34,444814,109029,0
54007,559,492466,11,2893720,103413,1
35293,516,5904644,19,85366,694942,0
55864,711,9502927,5,6984184,0,0
196505,581,4560536,5,223620,0,1
74876,517,323149,14,1361581,614764,1
232457,769,7857000,26,1934586,1252485,1
81402,546,5904475,7,24513570,0,1
31287,675,457343,12,23401380,349251,1
66921,843,2828407,35,2063392,1842786,1
47020,357,375410,18,3510275,0,1
255901,758,2796416,12,4561784,3348252,1
129368,735,1753303,32,11381971,813134,1
41406,766,1581668,34,223360,0,1
32868,656,202190,19,9547139,3055517,1
76422,705,916045,3,3527787,4671432,1
66279,605,715293,34,5264621,77485,1
72105,513,5525164,3,1873686,0,0
227264,754,7599943,24,3481588,474392,1
141324,556,824060,14,415568,126791,1
42143,655,2033661,14,1447129,180799,1
168595,582,3294368,31,6119944,600071,1
171315,354,388606,14,470593,1579982,1
43823,802,6910457,0,332622,0,0
181497,839,316958,8,21403392,0,1
125350,362,5724733,1,3491086,1162227,0
61507,809,5245451,9,21277868,0,1
68299,758,4738879,22,4532362,0,1
38120,868,5541611,8,351792,653906,0
65305,863,7041968,34,3528303,53300,1
114673,664,4213520,15,22946874,50781,1
166030,741,2155553,10,108951,559537,1
112535,805,427153,4,4599503,359592,1
79303,370,287376,28,459422,53861,1
118766,583,9040767,32,19014190,0,1
52869,803,7606518,16,115848,0,0
149495,362,2677954,35,1274834,165347,0
63324,542,190786,29,3190023,0,1
44121,535,178009,12,2392888,197567,1
34424,822,1915914,11,18761343,360909,1
87412,798,250700,19,1464611,0,1
129741,690,652189,33,22628175,866760,1
34430,575,2244599,10,4024348,0,0
182360,613,3903431,13,16166659,0,1
138882,449,1066154,33,503515,108022,0
279359,639,9166498,10,2383990,0,1
212102,334,5374700,34,890226,0,0
252169,408,6165021,2,4277679,4406190,0
105431,633,3026039,21,191482,362846,1
34785,589,3696340,5,15241590,766700,1
78823,700,919538,9,1574133,0,1
382922,513,163437,22,4816493,2312982,1
62532,691,352677,3,4509358,0,1
461453,735,293494,20,1200972,4859201,1
104979,531,1583371,1,4691374,0,1
57221,820,265954,17,193570,0,1
84695,703,1446821,28,616881,0,1
31580,876,852501,0,24936433,80784,1
96296,576,7115957,28,1772068,35996,0
54457,554,6761448,15,1952396,262502,0
45703,503,4585059,28,18703874,415657,1
64230,533,6452116,1,58128,37486,0
254224,603,9301485,11,6781046,1904032,1
95905,520,553697,16,3357239,65174,1
78999,612,259112,24,4012869,622314,1
33061,477,5406693,25,190219,0,0
31415,642,541632,0,18415873,683729,1
39778,615,224293,12,6216197,450017,1
76012,809,8770266,16,9722620,820264,1
105804,668,132325,33,225244,384436,1
43804,633,233510,18,4589392,0,1
103692,636,1214431,10,1025386,198591,1
67853,583,114661,12,6763356,181273,1
42253,820,834785,26,21173280,2059618,1
31590,634,4922243,11,1709160,0,0
152919,683,934180,22,930697,0,1
115993,678,9906453,11,2808569,56750,0
86125,417,2202742,31,22389139,48744,1
190051,655,7494351,0,274117,0,1
129368,742,908922,7,373428,0,1
118189,701,3107951,24,10265392,807657,1
69129,800,242900,11,126402,0,1
71450,567,1960208,16,1044020,59412,1
414958,731,1489104,12,775954,458888,1
495460,634,9250011,30,8311723,0,1
38602,745,1641867,31,1842203,63919,1
58560,535,7239340,23,2965192,878400,0
284510,536,191665,14,152672,1923715,0
33428,555,2941057,17,7672850,4822760,0
76298,666,5428922,11,8054934,3622001,0
103809,603,5001323,23,3328933,0,1
49806,862,374276,5,268473,0,1
68754,884,1829825,25,3094567,0,1
120035,708,4850098,14,7391894,784523,1
69183,513,4865813,33,1468251,4470428,0
102001,816,441833,3,1121612,0,1
33590,820,309712,23,14347614,0,1
156404,728,5422319,26,435718,399032,1
275636,604,1530718,13,10419439,194970,1
44845,612,4691670,16,371274,151978,0
51699,890,1123851,34,1728330,195798,1
256991,778,3088790,9,12390173,0,1
114034,326,157743,26,1063915,369017,1
69990,759,2741403,35,2595303,4424636,1
263294,503,4000330,2,24053229,0,1
83491,717,6205157,3,579262,1716015,0
45163,591,3622460,14,134417,261858,0
159816,795,3370104,7,247115,135706,1
45458,745,9539026,22,559757,117829,0
35909,886,1846964,5,18861059,754199,1
37436,897,7850559,16,23765270,343467,1
128611,663,956116,15,4641623,96268,1
114446,701,2401131,1,11543002,4343314,1
101827,621,1906817,24,11157237,446129,1
30919,525,8970270,9,2874542,105917,0
386504,548,1618214,8,202766,739656,1
54173,726,5328982,28,3245793,177204,0
113981,758,675105,11,8707728,0,1
50688,646,9704266,33,7872969,0,0
92679,636,101090,24,15652278,607720,1
88088,702,422456,13,586486,40528,1
59705,676,483291,16,406841,511307,1
71698,646,483973,27,590614,0,1
44430,799,9062652,2,1661040,656027,0
65604,690,4893120,35,185094,222417,0
214399,665,206279,11,21814254,99135,1
70619,705,6907582,27,457549,620385,0
240187,536,4371846,25,7985468,771510,1
46561,535,7409556,9,22177996,185940,1
158028,585,7236655,30,1841255,12683,1
98736,790,6859639,28,514869,463213,0
64916,819,2487533,8,129591,1035961,1
283793,553,4783499,0,16653673,0,1
97632,765,3121433,34,20097355,0,1
183152,693,6577593,33,1851285,100108,1
69577,663,212931,13,52292,0,1
65502,687,5985540,7,696613,168119,0
202326,696,5188796,28,11641017,403929,1
45872,509,6096184,25,16202032,0,1
63939,625,684169,4,10489567,1943984,1
138063,886,4049619,11,386175,49763,1
401055,883,8780312,2,2479747,68270,1
78568,637,440194,25,454389,0,1
83120,730,4680277,5,377318,0,1
450772,620,247198,16,2349278,4650930,1
98479,822,1266396,20,16562990,290047,1
99645,550,7381127,0,23790462,1811290,1
40517,626,8435218,16,6323603,1390117,0
299884,523,213593,21,1761639,0,1
496794,669,1761982,26,9868874,0,1
83038,794,1041359,1,2713962,0,1
32931,831,123693,27,10402266,0,1
62436,405,1286132,18,630213,2795261,0
34534,773,9809917,34,8833780,1935945,0
39528,534,7674012,32,396462,125664,0
41309,752,3271628,7,14273342,0,1
52943,501,1008925,7,2118491,1967350,0
100460,539,4799496,31,19840619,49728,1
167045,683,6447302,34,12799541,33289,1
51337,473,1633087,13,2323958,3099450,0
75878,661,6831599,30,201561,0,0
62288,831,192530,24,1323349,779501,1
383362,816,4334442,35,1337174,3513376,1
116439,804,146371,14,903640,0,1
32129,886,6888790,15,336490,0,0
48897,545,1488682,5,1029469,0,1
75812,723,317102,6,5996141,661453,1
349805,590,2300766,12,1091458,0,1
153181,622,192745,27,98306,92229,1
468213,750,315806,33,2241998,1344968,1
73324,643,2682235,19,1161779,327184,1
215071,643,5549360,25,8026737,0,1
70271,711,8643235,5,3160283,52863,0
85751,736,8232195,29,403755,0,0
75318,515,339462,2,10471921,0,1
71393,863,223780,21,3957591,1459920,1
54943,513,1039408,23,262367,167167,0
58454,717,6862280,23,3209976,0,0
103533,871,2771029,9,2158033,0,1
71566,771,3449307,17,6687287,250420,1
140798,687,6522819,5,106657,156802,1
104305,894,2000327,5,412376,279000,1
189021,638,7970739,27,7622645,4729810,0
56106,538,790146,18,7699727,74059,1
180388,836,4930200,6,994519,1043602,1
38396,716,5620441,7,195672,137513,0
108243,712,3802141,18,139109,146247,1
44115,719,436797,25,1213177,438478,1
85954,479,8220621,29,337474,0,0
168300,559,1228154,18,334557,0,1
272177,553,535396,7,1355007,0,1
30311,892,4699892,11,3924976,4779787,0
88649,683,6505004,19,1443274,0,0
162374,467,8684774,18,57157,330947,0
99195,737,4991219,7,136495,176888,1
438700,412,7431961,34,475380,628957,1
94939,887,4248053,23,236207,170866,1
387301,602,6774213,14,157491,0,1
167170,373,979407,3,1308719,342496,1
149518,454,8394837,16,453683,0,0
102602,411,9753680,15,71427,213254,0
40576,316,1965195,9,6899917,0,1
54295,623,163115,34,2398109,0,1
79764,682,9712110,6,221209,130189,0
62043,702,4389905,16,13429287,0,1
39209,746,150653,18,9767147,0,1
47111,730,7486227,32,17677872,313830,1
207832,656,1297688,13,3819898,0,1
239877,787,8655383,0,10656531,0,1
45401,371,321584,23,16246018,530336,1
34708,683,6689994,2,4192295,72942,0
169011,762,8272940,19,1056742,505939,1
35783,626,607838,25,1028722,704605,1
56140,389,3055709,8,298682,41073,0
143918,426,2138520,15,9640988,298173,1
52864,498,906250,29,436053,127154,0
62578,744,3804940,12,789719,131589,0
45435,547,6116056,27,245192,219632,0
174261,747,4992111,23,1675751,88634,1
36026,807,3168183,19,432298,1056590,0
43276,870,357422,21,740385,0,1
460026,658,2686713,11,411571,608531,1
64699,791,7518628,10,3980758,0,1
37362,678,2429003,31,835135,400846,0
103405,695,219054,31,3790444,95899,1
197754,352,9624317,22,9453565,649313,1
36022,583,475005,4,15928650,0,1
122690,846,2175762,2,13912146,1461307,1
43061,763,7334705,6,1005136,459302,0
60901,804,1492650,28,4865447,0,1
75763,792,8886090,15,634559,0,0
46498,805,1826514,32,1526281,63482,1
166298,750,3326030,32,620332,120361,1
77110,856,9269659,25,467844,534989,0
119374,800,1320889,8,4130837,130690,1
67217,865,4397296,24,19895780,35274,1
61352,762,854847,15,797871,194264,1
478101,344,333933,23,443491,1729942,1
57392,581,972194,15,9601687,433041,1
148010,751,7810237,17,4289565,2510926,1
54536,648,483015,22,6353773,2868278,1
112888,837,7647555,27,15065848,0,1
160401,784,101908,11,120668,3471453,1
102809,670,5641380,23,1712927,63086,1
84833,675,1861664,35,3979007,178038,1
40249,736,365757,34,4180203,346868,1
38724,788,5263222,33,9838153,0,1
34875,883,180807,16,9574322,11236,1
67617,579,1893289,7,4194701,116324,1
128826,615,741939,8,3328831,0,1
72505,723,2513661,11,1682221,1339476,1
51963,411,1030038,35,3321949,0,1
31363,859,3913160,34,2589325,0,1
62623,831,3066690,6,4705229,3344161,1
44738,308,2551862,4,1585329,784931,0
59428,855,4401225,8,1209470,583322,0
40616,814,429685,2,5496679,124286,1
91735,613,1035037,2,4990143,674476,1
98406,857,206628,6,492969,225283,1
65024,508,1181374,19,203772,0,0
81817,683,675781,31,7518482,166336,1
111899,589,611516,14,4934503,96379,1
69059,333,424275,10,10977745,623597,1
39303,803,1463337,32,8001597,0,1
66584,652,3212987,2,13932924,258429,1
95664,556,2965698,22,192452,0,1
176117,571,1321729,25,2946607,723501,1
62213,601,8337586,34,19866699,222576,1
39113,800,2887856,32,382338,3489254,0
55002,644,2833812,2,5046039,119968,1
251035,868,7536467,3,271402,1085232,1
56376,780,1474527,28,3203755,48297,1
48029,626,3458160,1,2299790,1451850,0
138538,659,1590586,5,298367,2358780,1
179446,336,1520965,2,5152470,0,1
79176,763,111192,33,292637,0,1
81955,448,7941570,8,3552057,60540,0
71075,792,1879777,4,100034,325913,1
198890,565,6332041,21,17571710,197907,1
40545,651,9634762,18,714785,3716214,0
86066,701,3708202,19,9750945,89703,1
94538,728,4081242,9,6312139,0,1
30759,805,3775836,19,2643970,36345,1
41941,883,4398882,33,19021980,172465,1
94081,570,4028763,27,788661,0,1
124588,635,280943,22,13781048,3015909,1
93647,626,1346679,17,13494918,684876,1
45982,512,7701651,3,1967389,0,0
227451,539,7350762,5,4858723,123341,1
41235,687,5799825,7,1377708,1742945,0
50103,746,445911,23,9780046,62384,1
67157,752,3550105,23,9591336,0,1
41231,873,8055592,21,13635861,3578660,1
45682,486,3089889,17,17450146,209683,1
126356,605,1651523,6,949576,0,1
210507,340,347956,7,8198475,428158,1
53935,876,4747077,4,11454951,276114,1
74093,871,181068,22,1144490,24710,1
56066,780,4761072,12,8019462,0,1
68619,661,495388,10,3948248,761339,1
109028,736,5876056,10,1986358,4121562,0
148142,739,5507565,20,1185705,0,1
200779,602,9514942,12,3065007,3944429,0
119060,738,4570912,17,22792162,0,1
312774,723,7082590,7,899178,4124171,1
34678,518,5415485,16,8438229,661191,0
235960,890,2559079,24,15081538,3558573,1
282504,897,7440541,2,731447,1693889,1
193476,876,673419,6,439829,2578407,1
36561,746,3102828,9,3377633,1249257,0
62175,763,556556,4,4915829,0,1
49573,861,1779026,6,104582,1589163,1
107096,583,9495966,28,879691,617531,0
65375,538,1697792,25,2538807,0,1
50415,641,4848807,10,759274,0,0
50947,671,4536006,23,208186,3847583,0
32317,358,4683523,5,14219188,493267,1
74442,716,8476954,16,787833,117749,0
99343,609,5266421,24,9519874,0,1
57317,494,115525,32,20039510,611283,1
41048,845,138734,31,627157,432747,1
70373,753,8633936,11,583010,0,0
271421,608,9599452,9,2463155,0,1
74037,885,9986416,22,2359047,137778,0
94099,321,522683,27,22599620,0,1
145612,508,4860385,11,1623665,2031780,0
90674,729,236794,29,12315937,76220,1
192354,486,361955,25,9736418,1855750,1
88403,531,8934134,3,1500514,0,0
399726,735,8019249,22,1232217,61251,1
30276,670,1503473,11,171977,1919055,0
34282,776,7845533,34,411246,165387,0
130367,490,3334214,3,2335387,0,1
182415,688,2933965,34,2585126,69225,1
54088,549,8856495,14,12314659,0,1
46645,511,8837212,33,383112,34595,0
56969,571,109339,35,2081262,1607815,1
38814,753,398353,11,89169,2237998,1
112287,637,752142,31,7554965,0,1
93316,658,4060123,10,12677989,76211,1
35154,591,3549144,35,123333,369503,0
61134,685,3866591,24,9671224,2760142,0
239800,763,330462,23,1013863,4115053,1
71327,789,9297899,31,1911904,767436,0
35316,731,3015695,13,4629108,1374160,0
117574,838,406429,28,17104834,846969,1
50927,346,103589,3,1396344,171771,1
42047,362,2259560,19,277189,43002,0
120553,799,1285845,22,51505,125092,1
46825,513,592718,18,1861632,0,1
92187,598,3824804,9,334876,0,1
55060,726,3561866,34,129993,0,0
45242,784,7598719,9,4497553,1807021,0
37509,688,6836325,5,9393727,0,1
68510,780,3086955,30,474345,4058268,1
48825,753,7574777,10,1503006,0,0
149409,828,1745761,35,412187,0,1
75091,397,293715,32,1005374,350054,1
59063,711,304749,3,71466,239991,1
35148,651,821077,33,1929046,3089751,1
30359,463,2593267,14,22949045,14730,1
136291,652,5953970,5,18396230,0,1
44563,850,2606030,0,173575,0,1
35029,830,5633950,32,3354159,166598,1
239760,887,6335802,22,1041742,0,1
240325,773,1677608,1,86115,225282,1
101463,535,4699871,26,272026,1894629,0
48687,596,141498,4,392235,0,1
48013,569,3083875,30,2500308,0,0
83424,739,9693820,19,317758,1713881,0
78710,821,7810681,31,4164443,981948,0
483158,603,8556029,28,4996417,2433681,1
94892,509,1505145,4,15261570,1342936,1
32750,676,4888088,17,17330297,784479,1
113382,722,2535418,30,7062517,63882,1
30665,844,9376376,27,4358280,54981,0
50776,661,3518476,34,9401207,0,1
292938,640,8459195,27,2853630,2207909,1
33713,844,8839359,11,171681,998184,0
252779,578,5609785,31,264181,581939,1
95865,556,737662,15,4927703,742871,1
283128,741,7272551,2,20420541,361967,1
92547,723,232975,21,16613496,4080611,1
153564,732,2595885,7,173582,944490,1
65335,687,3503794,19,999458,582015,1
40884,795,6883246,28,105930,676070,0
103540,449,103066,29,161353,912172,1
295379,698,4241665,17,14062034,0,1
42344,713,101173,5,386426,320326,1
45711,801,287012,5,242158,0,1
81071,616,388436,9,4291111,888976,1
86413,558,778581,28,4042153,692995,1
49543,643,426761,17,337057,281654,1
45367,703,3637588,12,163526,82644,0
40225,595,6991559,27,3544707,139055,0
51667,521,3551022,12,1943661,0,0
51312,430,4267606,5,190092,2573075,0
68231,342,493793,26,4876108,1435751,0
405845,691,617453,16,325382,172692,1
35014,855,857458,16,1952262,40518,1
116154,841,4918760,9,8829134,0,1
59708,414,9889081,33,2953754,1438930,0
112337,682,3441165,1,1994449,0,1
286936,601,3932356,31,604461,715050,1
30192,302,1352292,32,4642110,676862,0
233481,865,9823295,9,3411126,171064,1
56612,880,2728434,31,6601379,1471403,1
40623,689,5166096,5,955366,0,0
46935,795,3452201,25,725389,1888151,0
109864,537,1483728,26,4170736,850835,1
120325,624,6042861,12,3756975,1847763,0
112994,781,3577479,18,6422056,566502,1
268774,367,1011671,21,361247,134614,0
69176,577,221704,10,3120049,82676,1
178639,362,7185743,30,1280971,751654,0
91310,848,7385943,14,341425,346052,0
162839,433,3282211,0,52769,1300721,0
89307,716,1234958,6,9085244,4405323,1
35548,619,123794,20,6918664,0,1
98131,895,3853705,33,1284827,99008,1
43767,630,952787,11,2376243,4267856,1
280072,839,9442656,11,1022003,26410,1
77526,570,1597712,35,50282,0,1
95238,403,7651202,1,23815720,0,1
44162,752,248259,31,2632918,604167,1
71468,687,3049827,28,624755,0,1
63713,508,7899806,29,9403783,192641,0
40793,578,383434,24,1048904,0,1
222566,885,815919,28,90234,3366170,1
58370,721,1135113,3,378904,0,1
116469,456,1041658,23,231737,555932,0
160065,858,3833280,16,438896,0,1
192389,685,2694156,10,3311894,35423,1
34335,679,1856675,4,217282,3926592,0
57691,530,4976520,14,250394,1750926,0
85591,629,8176699,30,4776654,0,0
51393,656,3668820,0,2162961,1309005,0
65374,578,468348,28,209514,0,1
108416,824,9632802,15,189121,0,0
53025,630,229190,32,1494056,3395363,1
33960,707,1541630,34,283899,626763,1
73841,849,7897626,20,7870534,159553,1
41962,766,293361,26,22726429,150476,1
95500,639,1253312,32,1849643,105955,1
99194,518,4762386,14,1027202,0,0
181323,455,6619814,20,1370932,58239,0
55134,375,695494,7,5063351,0,1
32076,475,779638,9,182881,0,0
64522,568,1694049,18,7847510,0,1
53291,863,3069381,32,405382,135230,1
59268,453,2817888,19,21498511,0,1
112648,814,2996097,12,4154740,1457911,1
58351,455,755528,7,23487549,421472,1
68506,395,262737,26,1325854,3392299,0
30722,780,1037017,30,7229280,292338,1
59056,748,443515,18,6427639,40865,1
356141,393,1605513,15,3737044,484570,1
39929,599,9912240,24,9463796,185559,0
103055,767,698250,8,4655335,0,1
48612,702,155828,31,333380,3120810,1
39307,813,2485394,8,2190254,34768,1
37068,611,7025387,8,3186932,0,0
42936,612,402330,6,9346603,673679,1
52619,540,2475821,11,4006581,1693329,0
153786,754,834527,27,934612,26108,1
31076,559,234394,15,1131453,0,1
43196,614,7435661,20,308653,150697,0
195808,382,7545930,15,2689795,0,0
47502,882,5902957,10,2567974,0,0
96331,770,631251,29,210912,131881,1
66923,626,6178855,4,20400938,79664,1
58249,571,379005,7,852425,3100992,1
125557,899,312358,20,2810622,130164,1
103467,744,7931702,3,121622,39370,0
62372,511,880997,24,4924766,1959261,0
40648,791,7242418,28,1693264,247270,0
276221,805,3648494,34,1565974,3061662,1
43416,871,282623,31,1583372,797250,1
124628,458,1942159,15,2406628,0,1
77341,735,1832648,5,20117250,300547,1
74446,834,932151,25,9162727,2020698,1
31521,626,2381859,28,5425768,0,0
59530,838,4377762,2,20925321,259316,1
55711,474,1716670,25,178584,79632,0
39389,876,1893298,32,855011,181325,1
136947,548,3203272,26,715465,138501,0
75921,857,254013,10,12864674,107771,1
33204,580,5776140,12,713467,141336,0
118859,406,374615,21,579915,0,1
34876,591,5067368,19,23940880,68464,1
34472,698,1365616,10,1282808,0,1
42898,875,8445634,7,13414518,875932,1
96403,870,8269737,13,15232629,3085194,1
46543,821,4585313,28,94029,48612,0
478917,776,6330772,33,470804,34662,1
58967,838,9846570,5,1983236,2441818,0
81198,342,6628152,20,1319954,76507,0
35121,352,3165779,28,1933653,0,0
69029,898,4725385,18,330255,1454855,0
372071,869,4601200,1,1178131,1077934,1
36069,508,1458821,5,22090860,222428,1
95862,622,9955487,21,1372016,0,0
79233,877,329160,12,17933065,3123729,1
46884,806,579664,15,3987977,1449719,1
69020,792,9378138,28,9198177,0,1
47343,725,758775,26,9079768,322084,1
95095,658,1352910,12,1700067,478017,1
117186,412,2055229,31,7462659,14536,1
74750,733,2371245,7,12765024,0,1
102732,736,4982582,13,24024349,1963373,1
416297,863,3750893,20,147673,1722442,1
89763,650,9852687,34,194198,29860,0
69691,438,5969630,35,418190,579087,0
41884,688,469156,18,6334645,128448,1
105696,649,2727520,5,4314872,0,1
49305,801,431102,8,829172,1915204,1
63216,786,329899,27,21552934,2974058,1
111349,463,340950,27,4797267,23274,1
264607,558,9574596,3,6845464,2279465,1
222632,321,195641,17,533131,0,1
297096,580,6438167,19,78666,18498,1
79587,773,7343850,23,302657,0,0
253009,586,7515608,23,93864,4898153,0
66071,537,2438761,1,7420297,166916,1
87235,673,1708709,32,7518453,77785,1
107695,717,1341903,34,11577837,4686847,1
44680,582,1510027,15,328382,73582,1
86847,542,8843270,30,548915,188863,0
146958,576,163057,27,8776085,1649129,1
116620,827,2225374,22,4153889,0,1
31109,557,2111919,20,4143802,232749,0
147040,791,636371,23,1306425,1998492,1
48779,336,3176387,9,777454,797827,0
79627,787,2380390,12,62513,1998494,1
138515,517,9618836,28,268943,0,0
34216,611,345369,10,1907759,2871855,1
159228,787,141635,15,7082261,808429,1
157830,582,105701,10,13096558,0,1
67866,860,1299313,6,15614341,0,1
188690,712,2958448,4,1991208,0,1
35533,860,5819258,8,22252929,2698713,1
94235,702,3133339,8,2526987,3080443,1
49309,558,5981057,11,84456,0,0
33491,724,497516,26,6493774,1375849,1
70816,661,5030612,35,183732,0,0
49876,663,1823744,20,225599,182240,1
72134,819,1135280,18,5451924,0,1
340156,870,168815,9,9688207,393347,1
92640,814,5798774,0,1236988,1423543,0
230175,790,4138143,31,16004087,1514576,1
44440,663,4072918,10,1759338,740596,0
135022,734,180334,28,2925820,0,1
43272,755,1019139,18,744724,0,1
141141,690,171168,12,7436379,21515,1
38909,882,187930,14,168372,0,1
40886,377,1873933,31,8386659,0,1
68853,406,1027176,19,2116349,147557,1
35495,775,848857,32,1866720,503445,1
356121,813,5122374,29,6482243,323420,1
247747,728,200532,0,1240786,1097940,1
65408,370,2903181,13,3411646,1765158,0
241550,779,2691275,20,817586,0,1
63391,630,1794205,1,71694,812233,0
119737,689,4825204,5,7551822,130960,1
93659,609,5849370,6,962083,12796,0
93455,848,8023920,15,1594442,135169,0
151032,720,937559,30,5623137,329933,1
36655,746,4718767,31,1553601,0,0
59702,589,1149192,18,1254984,166042,1
88009,527,362184,35,591661,0,1
65300,705,5407350,15,1505496,1612392,0
76626,468,4634664,31,1507263,0,0
56720,704,9885228,1,3649756,144530,0
41576,842,4284290,20,3943928,1444856,0
70031,458,6824964,17,8437761,290462,0
262908,832,2035407,3,5346364,29986,1
185904,639,3149214,17,452233,0,1
67418,517,3791860,7,2701955,69435,0
61353,387,4224403,32,2630789,249964,0
88317,647,7408029,27,150831,0,0
40239,621,9911302,28,1123681,289966,0
45670,753,166513,14,3532454,956789,1
46103,673,8553264,21,252701,4135768,0
55623,739,431915,18,219457,2409769,1
68261,851,4301629,25,1509452,1263962,0
46076,766,4527301,8,261725,0,0
91891,785,3255616,12,811764,130908,1
31760,744,6702222,24,18914512,0,1
52704,749,3549222,5,12718881,573910,1
31555,646,1720795,20,5012737,0,1
108884,786,8997611,2,18891766,0,1
35288,602,4483680,3,3775229,4399315,0
94423,578,712090,26,6278758,0,1
168676,732,7168197,2,2535635,0,1
245628,769,9166144,33,8745254,0,1
118137,532,3248399,10,9478170,62411,1
270373,519,4664203,28,20455741,4610134,1
67286,889,7560242,34,9039103,0,1
35464,569,496083,0,4228385,43488,1
44663,851,1607518,35,447084,0,1
41298,606,1800543,10,15577737,201068,1
191134,627,1397643,5,5347597,448488,1
333598,828,9702819,31,5682750,29475,1
36771,375,5161295,26,2173610,2015670,0
39845,591,1692218,32,24209571,388789,1
396832,505,7686734,10,357632,1525056,1
84653,558,4876507,31,466611,496215,1
50225,561,2857055,6,336333,3752902,0
236127,742,2968390,12,1062976,199374,1
209958,578,2744606,35,3769449,301910,1
63911,789,7398437,20,1620057,114265,0
41811,736,4131165,20,8958740,1676846,0
31359,889,1453605,21,4545116,770089,1
95673,705,9150008,14,109802,155987,0
169372,836,1552696,19,6722646,0,1
198238,739,8353798,2,151755,120971,1
42393,749,5353249,31,736715,0,0
37296,573,5210671,4,3512281,1198081,0
99878,726,153961,26,1727827,1493917,1
40061,504,444800,9,5312493,0,1
375928,387,5947146,15,3790068,605502,1
244955,830,664620,0,7562977,2421037,1
92872,837,3721825,23,1145524,0,1
78688,592,1834298,14,1109775,237893,1
88983,728,9681530,27,19532771,192095,1
77717,724,6256382,2,2994531,243363,0
265379,750,305801,30,159527,652220,1
61485,440,107173,9,5091759,1870534,0
75194,426,6987406,10,6445517,1022297,0
37345,802,1990142,8,8028707,1388594,1
179294,325,1217906,1,1053505,109904,0
128713,452,1152110,26,1526531,560714,1
183407,387,163186,15,1172503,0,1
148532,812,6989653,15,307328,73149,1
172646,753,582674,22,23168899,81124,1
106988,680,381351,35,160929,0,1
55738,528,129868,33,23799599,49112,1
45381,610,884008,34,339694,130965,1
42001,546,279182,32,345183,191368,1
107334,702,3249240,2,3448222,672805,1
127362,731,6611092,20,3773063,579610,1
30900,777,1666776,10,475402,3767716,0
75127,453,7281290,9,2612261,619743,0
99037,887,1664531,11,20340039,0,1
253640,847,9061509,34,1002041,579791,1
64098,702,9246809,19,1761991,566168,0
33749,521,865432,2,573737,328725,0
37204,542,278534,19,13523768,789460,1
30811,652,1885696,9,858202,0,0
35571,756,1872470,8,4554936,28731,1
152574,573,572600,27,18830557,0,1
43190,857,7841729,9,339821,652249,0
69435,798,3797214,30,309203,125195,1
63272,647,1941146,29,2909420,104935,1
32658,773,4354083,1,16016144,3895402,1
31637,804,4547628,32,1889920,1496347,0
76370,859,996580,17,669754,0,1
36772,643,241653,26,18797577,989661,1
144557,748,6864685,5,14633246,344055,1
160440,680,445482,21,4969547,574187,1
37950,844,7009868,8,492996,773170,0
43021,786,425372,17,1257307,1553217,1
244651,841,465358,25,8559086,1821051,1
62695,535,2953706,24,23685408,1161178,1
44846,730,7383472,23,741931,134063,0
73631,806,377413,8,489565,0,1
51767,886,6014442,31,960123,4429765,0
54224,585,824716,26,8070485,812467,1
33731,557,2604528,26,555211,2110841,0
89982,755,4450719,33,67696,3878612,1
35141,642,411725,10,4771678,0,1
72432,764,491620,20,406924,3636303,1
77875,733,7479942,20,1387772,0,0
46660,814,3470384,34,1991348,674859,0
42846,511,6684763,2,205149,547515,0
128927,760,245652,4,1279497,104028,1
44459,609,6009609,12,3526528,983171,0
43050,693,8922121,28,62243,0,0
67981,632,1861365,25,2778499,0,1
73280,757,7012065,32,2989762,0,0
50465,876,4764013,15,15144929,445419,1
107497,869,972209,24,266711,59025,1
269226,853,5746287,20,15450049,0,1
258104,520,2890550,30,4140980,0,1
71657,676,1419165,21,276833,0,1
32883,861,2806675,12,16389423,766879,1
173961,739,4281458,8,612691,64224,1
164231,625,246371,26,511046,49018,1
54151,734,8588349,14,403282,613784,0
145719,544,6967686,5,1018956,0,0
314693,690,7226918,11,4691031,239732,1
36919,822,6601314,12,5202489,135565,1
49868,733,150418,8,1249612,994184,1
74130,405,5542561,32,16555862,1143050,1
46437,900,6706441,7,315395,0,0
125331,697,2529235,31,2307871,1961483,1
117218,666,3120240,5,18521939,0,1
36545,864,2151001,20,294444,434587,1
69870,517,4739998,31,4705890,0,0
40292,693,6320147,28,6387141,346310,0
92103,527,4222962,18,14532964,4872284,1
113030,785,1123599,14,399427,132017,1
42237,883,3355719,25,1235365,56752,0
46560,697,419166,10,115339,0,1
39638,387,2889690,12,1687056,1938360,0
285175,393,5440433,2,208161,0,0
41193,626,407645,34,79791,0,1
42001,743,162047,15,8131660,3717545,1
282345,706,854361,11,2359300,3456588,1
72086,644,8157851,8,1478368,59605,0
61922,592,208018,4,191211,679786,1
260828,847,8050418,2,470568,0,1
53723,772,3936827,20,2925040,4295123,0
51028,685,908276,3,231975,265134,1
76439,889,6546922,22,412086,415109,0
189435,885,4674984,7,23913201,124221,1
107003,797,3605567,2,1761622,1885104,1
65388,676,1121975,28,2397467,0,1
53247,886,5807326,17,9889091,26705,1
66362,824,3571719,0,15074839,0,1
83386,665,384004,33,10885766,660261,1
39269,523,1357683,8,3385239,724564,0
31817,718,3834930,25,235941,0,0
31911,611,449411,33,17310640,168189,1
37685,761,5863272,18,1773450,510773,0
76720,653,600572,25,19459105,0,1
43875,593,3851161,12,6669458,0,0
61184,878,1787895,20,8753710,687633,1
146289,398,6911882,35,8762459,1185097,1
101667,769,4898504,10,8146621,2993882,1
30991,507,1248511,4,3013956,4712712,0
188268,456,8874199,19,5986565,61511,1
45001,679,4671820,0,2429445,0,0
46278,829,2008471,12,1785691,174988,1
49099,304,2878486,16,333350,628731,0
52611,707,6576769,7,1134343,0,0
115343,815,305751,26,210213,653540,1
47055,582,969824,35,175618,4800934,0
112085,735,1439926,16,432452,2939208,0
30019,777,8162452,34,6120319,1862882,0
385189,832,3222295,11,4518465,166995,1
68497,660,7977380,31,1340119,1571936,0
48402,621,5225587,30,483800,408581,0
66066,726,9950082,28,413550,1641213,0
49564,634,9531277,25,1437182,41452,0
52979,628,8762384,15,8749512,1056192,0
82390,374,3570180,19,2549248,124339,1
85784,897,5132003,15,5293761,851301,1
217003,544,6182110,33,1128498,971645,0
53126,674,346936,6,12292377,0,1
104238,794,5989318,26,1721003,943879,1
88201,397,9738913,32,4684316,0,0
98343,803,1598851,28,80947,63265,1
95926,632,8165206,23,481551,513399,0
195606,779,8474043,20,2562296,0,1
49736,807,3138763,17,1287851,0,0
43009,354,242279,24,17872947,359888,1
36095,708,1532280,22,1757618,150703,1
56209,836,8734449,26,11801336,2231800,1
67060,870,227769,34,386559,0,1
71644,536,8157674,4,1742599,132173,0
66096,648,6662984,8,1664802,103374,0
87655,532,4889595,17,5166033,53813,1
72431,698,2540313,35,9574685,971114,1
79284,711,526190,6,317897,79304,1
99293,642,1242310,29,281835,0,1
204123,591,495047,9,7803942,99511,1
132953,522,8516920,33,930481,0,0
87269,327,1590359,27,22768193,192072,1
40937,817,815890,15,1113459,0,1
40825,827,2816171,29,6815552,0,1
37297,571,3488385,9,1353413,1807254,0
40798,423,9775015,10,103397,450338,0
34412,713,1204220,2,5330502,23829,1
83029,787,4433179,1,5142628,1751173,1
38362,740,4176388,15,538113,732724,0
44575,570,225613,22,146340,0,1
40103,847,421102,13,246222,0,1
36374,865,4130732,8,24381792,174718,1
61698,815,5140807,11,3956164,159877,1
41197,622,7303396,5,286506,0,0
52174,510,1882386,22,251787,33339,0
258329,816,239902,5,448443,0,1
66413,518,5603666,33,1271221,3477696,0
64846,882,811028,24,459615,3770676,1
150164,656,9540576,27,172613,41207,0
42997,849,1157956,11,1018638,0,1
59355,718,910623,29,389554,0,1
107965,587,3664679,26,4206764,3933255,1
70107,775,3408315,4,433362,1736191,1
38123,756,501118,21,22237438,160447,1
57954,487,2219354,10,185911,761120,0
71177,808,3291060,16,268440,0,1
30283,737,3527250,18,57064,0,0
61517,835,261788,2,15912561,1406178,1
32944,775,3553640,3,1740186,0,0
119147,582,1954655,12,1107490,105325,1
87605,748,364621,24,12841331,36717,1
33976,674,8259299,20,403367,2369340,0
48117,870,4012238,28,226314,0,0
47988,769,5987946,32,1733514,1792914,0
232700,632,1255743,26,621931,3198882,0
72354,785,2598984,19,55840,0,1
105642,659,663367,3,2893271,0,1
189081,682,2374449,6,291499,1597913,1
31266,826,1337945,10,166504,1939547,1
353848,632,415486,6,484795,0,1
176679,838,359901,11,169895,0,1
41292,725,4846833,34,1625315,0,0
44140,727,8752310,26,2562805,4923630,0
46502,548,5775202,24,7647356,361342,0
48850,795,101425,24,10755064,0,1
78569,826,2494383,4,4689063,1149547,1
71427,805,482972,27,19061104,188584,1
76459,751,4123291,6,841960,0,1
88522,655,1070634,29,7198838,689812,1
118176,704,8115641,8,7491056,4454670,0
55374,626,4380898,10,9079555,0,0
312143,487,256496,28,5250310,165105,1
85566,844,371678,34,137983,0,1
124843,527,1283174,18,4746269,0,1
77449,762,8217069,35,18946235,105799,1
67352,489,206636,25,23765468,0,1
37999,617,5469320,2,19402820,117918,1
65373,675,1755464,11,1757506,608685,1
54367,421,2438859,29,11871583,2248052,1
46263,825,9969376,31,11829010,623937,1
52674,723,9206887,25,1012931,4836207,0
112527,613,641723,1,1176766,545874,1
232971,878,1122542,33,437124,0,1
67931,313,4746104,11,1378979,0,0
39701,691,1357855,14,19542061,625940,1
43731,581,312184,31,21970424,1198107,1
46708,664,1059756,31,2975799,129264,1
464506,830,657930,27,2224328,81926,1
75548,546,5273360,30,1900173,0,0
175801,894,3037578,29,1006692,68647,1
46014,682,2703233,16,454896,637502,0
67919,762,2856642,30,544471,0,1
49789,747,8678257,2,267115,0,0
31794,757,696341,5,616303,10975,1
340328,850,1747932,31,1167052,0,1
43081,676,7626692,19,1389841,0,0
114696,654,246249,2,4822322,0,1
148994,756,2431501,15,687440,0,1
33508,709,4570431,0,1852477,0,0
134755,778,293951,15,3098475,108153,1
171161,696,6569998,0,2580951,127466,1
66584,827,9015316,9,8212736,1229887,0
224101,867,758267,22,8005418,0,1
88619,504,9774109,17,889010,0,0
254785,658,9397302,14,4784912,810039,1
36137,743,275873,15,9566445,361382,1
170838,413,8092114,35,22190109,753786,1
229065,631,3326912,31,4664768,0,1
57008,629,2397531,17,2264462,1697480,0
37686,795,3248401,9,309772,677508,0
192447,731,3881099,33,2141084,203373,1
250327,611,349677,24,3282681,0,1
111864,562,190003,4,1765932,0,1
51052,705,9336156,34,211097,1037168,0
267306,682,6254700,26,1516039,0,1
205958,820,1595825,7,1948177,3063936,1
119838,758,1457838,1,5859418,0,1
96535,679,9088482,1,1708449,162487,0
80444,618,5756899,5,2201482,2040379,0
99134,841,339151,19,2844932,39473,1
47718,787,1325713,6,10896196,625817,1
152552,763,866859,17,5933207,50690,1
64696,864,410033,8,4576177,808097,1
114419,775,2107363,21,1731620,0,1
61567,846,4516202,22,383974,135270,0
33045,674,292200,23,22217861,2984454,1
69495,573,345003,14,4570078,0,1
73726,764,7806074,11,5753287,0,1
88772,496,7867501,32,5347547,0,0
95783,701,1309866,14,9551835,0,1
207006,743,6923294,14,4952097,0,1
89693,848,330610,31,2778943,0,1
137251,759,7189614,31,454676,166977,1
282914,337,8100947,21,4554415,13455,1
107334,889,9922218,7,5558006,0,1
148097,762,1915774,25,645969,718511,1
195689,684,2515237,14,8086989,652121,1
51141,804,4351986,17,228807,666207,0
35255,529,426048,32,1873007,0,1
60163,607,3839503,20,170053,4881326,0
205964,657,459153,12,14275990,107627,1
119984,852,7257512,9,22455393,14266,1
97171,490,257004,16,12849428,20938,1
77555,616,3376039,13,22938583,0,1
44176,688,350834,18,99302,872319,1
294601,554,484832,17,4841057,560328,1
238510,412,9812048,3,95664,96189,0
31997,669,5234737,35,1255158,170027,0
97881,736,8486368,5,2298868,149428,0
51847,610,922525,27,7358148,748381,1
67612,895,9632020,15,187691,4230766,0
49992,692,250984,18,1732496,0,1
193226,881,679289,19,67562,1968952,1
97505,668,248739,20,3958073,163170,1
39830,620,898925,3,5270335,795043,1
96036,676,3945698,20,226789,1047538,1
43496,614,7600445,31,8462800,3033994,0
36144,501,1636176,20,163234,3603810,0
33552,508,9460345,32,1154690,0,0
45314,505,2697545,1,5705703,1590689,0
214848,702,9363656,34,62180,1330529,1
409554,715,4633792,28,1828891,0,1
74605,685,1201989,18,562677,0,1
44442,761,308401,5,2896467,545937,1
80001,707,6230681,14,13220283,0,1
42939,818,8761646,23,20639306,292067,1
57686,631,1482670,7,4323440,4043541,1
53106,899,3521648,15,19161554,199566,1
54499,878,208264,20,21265777,373373,1
36564,620,5885626,15,3013044,4364010,0
47236,723,603891,0,144434,1875465,0
104084,644,2383612,20,19968243,1376572,1
274998,702,5775219,30,5505321,192570,1
85156,795,1484230,23,236234,3728558,1
51529,430,4372226,22,1611562,1812938,0
118892,671,8432547,15,1592459,47489,0
45520,528,617634,11,1722946,0,1
44069,665,4113201,9,1536370,32306,0
108496,562,6309743,1,4033860,169320,1
144469,555,4852823,34,1505114,185980,1
54256,667,2863838,35,3524573,3193999,1
44238,758,7059208,16,19226260,1791956,1
44653,577,7145598,4,238437,102009,0
74559,879,6322063,5,140683,4058190,0
40903,775,1599991,10,21075849,405226,1
33870,794,1885138,14,2520972,458707,1
41364,419,1775211,34,5383434,66905,1
43674,526,8313495,26,105338,86484,0
183236,635,2208648,25,353463,24869,1
58661,708,3572794,19,334165,422385,0
44252,687,3208012,28,3247337,380284,0
208072,832,1926882,31,594583,714996,1
327939,837,7106430,16,3989520,1003289,1
37025,554,676623,12,426331,0,1
41499,880,1978197,14,175616,10213,1
36716,467,8347533,1,3550508,1422943,0
106275,873,8053248,29,436688,0,0
39308,766,6190145,29,19611244,0,1
102706,680,8932707,2,1573372,0,0
89952,542,8469871,13,5872715,0,0
39704,742,8185985,25,5405666,0,0
137295,400,5438077,4,3190737,1912556,0
72817,710,2647321,12,6182230,72747,1
76712,613,4710024,1,11769930,0,1
37081,738,3076619,9,6029432,0,1
31457,731,1058448,35,2674369,0,1
224474,306,6485518,12,3652562,2482684,0
238436,823,851779,3,1638365,347515,1
38969,731,3150140,23,3094261,119726,0
48538,556,249467,13,5971619,209150,1
55766,770,7159256,25,1263993,12503,0
491704,888,1623906,7,6496234,0,1
171760,766,584017,27,19454929,0,1
61907,679,1592447,26,1442879,0,1
271195,675,6135729,3,556141,2017008,1
157677,441,7632146,1,9832907,3499207,0
61256,414,5167422,28,1450029,336317,0
70104,708,5668300,1,21531590,87933,1
45485,872,419430,21,4179519,1713983,1
80589,619,4127210,28,3909066,0,1
49591,611,788972,11,501726,0,1
69790,807,459380,19,10049397,448977,1
30748,377,6927572,12,986110,0,0
82350,818,354029,18,3518708,1956931,1
105932,657,2179559,27,115568,0,1
39937,789,1530636,26,101022,915445,1
263440,636,4166882,3,2165132,1052094,1
47425,893,8421210,4,828215,101099,0
31551,610,1116011,28,2713715,1822977,1
34112,726,8361682,8,23268299,155712,1
108455,453,2096908,8,9421256,1775456,0
105132,598,2999305,21,2053967,1479615,1
208102,782,3249355,10,1470958,38949,1
99257,648,1822144,4,1469802,174497,1
55928,588,4727472,13,13217658,0,1
107980,712,4533005,35,7358681,1066140,1
36900,848,4793627,3,340583,0,0
151975,611,1308526,9,1895230,180315,1
70256,515,443939,1,438164,0,0
156308,755,295140,19,1725978,419169,1
67900,660,4543209,18,3871657,3046618,0
44256,603,6438966,25,1937743,910323,0
55531,831,9709751,15,15561530,0,1
39835,713,5727586,8,8596807,674253,0
162480,595,2745955,5,1757908,915480,1
143775,633,5048781,8,9393268,0,1
49998,785,2791618,8,1442633,1491029,1
66924,314,203258,2,103614,391994,1
105771,383,7034416,27,122383,0,0
238649,800,1725337,18,52373,1254464,1
113839,709,8002149,27,205761,1063005,0
35786,627,1587133,0,2061887,3921129,0
34641,736,759971,26,4657651,1062075,1
97278,780,236169,27,1341755,4064138,1
441243,336,118863,14,337439,19839,1
49675,414,421420,7,22875808,1974160,1
44605,570,463258,6,19090953,558199,1
150840,849,4521358,25,631840,34088,1
68573,775,458612,2,73084,279155,1
39257,706,3715198,13,4050424,366907,0
108706,300,6602945,24,19298094,1623386,1
93932,711,1599189,9,925003,3279392,1
228797,543,611311,6,469258,611346,1
43204,640,222530,28,67890,2457897,0
41070,632,494647,20,89754,204731,1
31485,504,4184337,8,137048,0,0
64636,882,415083,10,151463,0,1
191031,500,2638418,30,942060,3281836,0
107759,502,1263622,6,3092928,0,1
66212,820,448544,35,1119222,161801,1
203241,358,6616098,22,11092444,1900305,1
224565,815,5798381,23,4282740,1617372,1
295686,376,3429615,31,5103953,0,1
32488,686,7300770,19,2520906,30746,0
38948,597,664605,20,1814984,3704847,1
51423,881,5618316,6,8522154,739986,0
41905,744,3651064,7,1293725,66659,0
61180,769,6344708,0,714020,0,0
107625,616,3231794,16,292918,148438,1
85384,566,1004933,4,2824947,0,1
43430,316,6922357,3,12475910,475805,1
45784,736,588061,28,531167,84009,1
112993,703,415831,9,3265319,1901077,1
64075,785,958946,13,1267448,158270,1
189135,723,9036722,29,2416904,1910292,1
116702,840,386679,8,24974412,714120,1
77163,859,4527989,22,381222,0,1
53474,597,394794,11,6634288,1651789,1
77856,594,1844630,30,18766221,710607,1
45883,659,8593170,14,445310,0,0
45955,554,2332657,2,3448269,58174,1
93567,645,402559,13,10777946,1447808,1
71063,556,4700248,26,1463878,176101,0
45936,702,7219502,31,503076,1724155,0
267779,501,8887711,21,23225706,3756333,1
195801,438,9121907,2,1419694,55381,0
110272,569,5873362,31,364569,50799,1
40536,508,329255,15,10640725,776344,1
36699,765,4977039,1,6439700,0,1
407792,530,4755709,30,265323,1702234,1
46198,437,3275086,3,1938110,160221,0
37899,796,222722,28,20939571,0,1
268208,839,1574765,2,2196053,70449,1
109778,539,231093,26,361623,135453,1
81507,671,6075896,20,369766,751142,0
44564,535,1907828,7,1163640,469164,0
48551,728,8543188,21,3395640,186708,0
39796,535,4601305,25,366846,34063,0
73828,568,2293193,25,10504579,0,1
43855,758,3687275,5,1034806,0,0
185338,766,3832813,27,453394,0,1
35158,751,8443472,30,1187503,0,0
251966,421,264203,12,6095777,2863369,1
70192,431,4401372,27,117471,0,0
56745,574,2691066,11,1078962,0,1
92012,571,9286775,20,3571357,50893,0
79434,571,135508,20,4330189,56568,1
55419,518,134774,8,1078356,4695765,0
34181,406,4106472,35,2248331,341417,0
51984,750,461810,32,5455196,0,1
81958,690,8171639,27,278892,0,0
78845,567,7032336,1,1966001,674048,0
37983,560,3628970,32,6228477,233834,0
106439,500,3423801,19,1190876,0,0
58856,891,3519904,12,9653542,700485,1
99824,721,208722,18,13504595,0,1
45875,644,1477890,9,2983953,589266,1
350459,532,1168736,7,10952957,1322695,1
40013,879,225647,30,3583786,276231,1
35998,844,1107129,19,143058,644622,1
43393,706,112785,19,1798511,1054120,1
57101,711,7887613,2,501617,0,0
34289,359,5036824,12,11387995,0,1
53098,674,1452921,20,427800,1113444,1
49276,522,629309,9,8828920,55170,1
109607,672,1231706,30,3197689,15994,1
77659,568,7279346,34,4506894,201085,0
183064,785,4455666,19,17642042,12511,1
119727,582,9702157,34,9821425,87894,0
43321,638,2222952,20,7113947,176465,1
279681,631,711290,5,325077,0,1
164529,522,2424198,0,7358229,0,0
85701,676,289893,12,1001266,134228,1
49481,635,206201,19,2633249,179478,1
44016,325,2744114,7,7656907,0,0
83761,459,4912187,2,22707324,0,1
66524,717,3850492,9,388602,1686426,0
49416,570,4674194,21,1904854,0,0
40255,870,771461,34,2016566,0,1
58655,524,115918,34,16280165,3475983,1
48449,357,4545303,2,3287818,0,0
51422,775,5294877,33,1967853,45543,0
82866,550,5047242,13,7322753,2094664,0
101059,761,6569205,3,3334373,477742,1
40503,343,464761,33,1530594,623605,0
77993,806,2292213,17,2613853,158732,1
105981,307,1006605,18,1895415,1367292,0
34991,763,6854716,30,1155225,579468,0
68621,605,7194099,11,6496547,1528613,0
96790,587,148595,27,275460,0,1
166333,828,8136844,13,1609294,1836312,1
44656,533,5938899,15,119054,3497449,0
42984,819,1042638,5,1153969,0,1
37952,440,359946,35,2928635,405310,1
47550,343,9139621,6,2184664,669978,0
33399,697,317223,19,1375508,71724,1
112268,399,483090,23,651479,210247,1
33422,379,1912413,24,11261842,0,1
46072,767,2994190,27,21130412,469722,1
81160,893,3787384,16,8777484,0,1
72057,851,9818149,14,258810,3793865,0
82174,404,4245817,1,1645449,0,0
76839,711,4283342,12,112601,0,1
281128,570,2155021,19,4633308,3606185,1
82677,375,289353,25,1248898,0,1
64734,335,1648248,35,607310,2539082,0
92519,664,2103797,3,5890045,1898430,1
48404,331,6198601,31,753540,0,0
37025,461,444623,3,4974636,807203,0
324541,678,2304333,22,623954,342011,1
122097,769,903261,24,350218,231721,1
63462,573,8941566,34,1775202,393261,0
82483,406,3279491,14,1692423,0,1
60509,794,789575,6,1493349,0,1
45847,670,2651978,28,389863,116542,1
117144,869,5344240,16,15231278,492039,1
106847,791,6676697,0,833430,1769119,0
63545,847,3355928,33,6725603,3238985,1
112436,650,6273337,33,1293439,153804,1
32944,676,832390,12,4771443,4077157,1
126399,595,406798,13,4453201,1044032,1
100634,462,2595475,14,2147332,23038,1
32837,676,1938397,1,3211472,4203287,0
103276,801,386908,1,630416,406242,1
36348,632,2621977,8,13205022,20598,1
71270,782,475609,14,641148,0,1
112641,767,7445246,9,7264073,20322,1
55858,613,1065693,12,9278366,72506,1
32116,872,297254,20,7934025,210614,1
76499,806,3469716,35,4474630,520823,1
291014,391,7128025,2,11478513,4253118,1
39359,855,5096929,18,131176,0,0
37473,779,331491,16,725541,168220,1
156582,588,778975,4,4486203,2612608,1
46146,712,434170,33,4336333,140999,1
105263,820,5322923,7,97583,1871072,1
41673,882,8356131,6,3172824,136063,0
295055,540,4989023,0,6644345,2925147,0
43826,696,356304,28,799694,136945,1
100920,779,2621330,3,191567,0,1
147836,390,3114446,32,435982,117776,0
127995,673,6559643,13,1430848,0,1
48778,767,9537877,19,2324365,796944,0
58666,528,6442466,24,257054,0,0
461238,588,9162039,35,157097,0,1
444570,703,4167631,12,2219359,151733,1
95370,651,1307246,0,223555,0,1
66165,586,801194,20,4865363,406027,1
52332,644,5252822,30,5863713,1322461,0
65292,534,3134283,13,4585261,509243,1
39101,733,417488,29,344985,0,1
136728,335,257200,29,3405129,2259480,0
55715,737,548887,16,519454,1006692,1
41858,472,9334856,15,3777209,593134,0
35676,792,5794295,10,4858145,559689,0
45762,836,1831875,34,6928631,0,1
149581,867,1718437,31,7810381,1330948,1
152514,642,1061957,18,1652867,96657,1
75115,783,9010916,31,23719772,1508356,1
125989,617,8749186,26,574824,813909,0
103560,528,5149560,24,1487398,0,0
39853,684,726588,29,395092,179823,1
78651,634,581970,32,2992576,434457,1
187289,551,9341027,10,3546265,468329,1
99487,545,2339457,6,4057837,0,1
119727,689,242521,20,103728,0,1
76709,666,8699967,13,152917,2448565,0
86827,547,5393698,11,7712271,1596222,0
69461,508,9027917,10,4464156,86249,0
96579,438,100422,18,3539518,131321,1
84567,708,2570002,22,8302758,145574,1
56333,784,1244624,17,11757434,86634,1
256817,587,9558524,31,4728436,0,1
239180,628,8931753,12,7086824,0,1
112986,768,1519102,2,432170,0,1
74778,302,615068,25,131486,58891,0
109267,340,1972220,10,171181,304374,0
75924,676,6466207,22,151317,198104,0
71889,871,5101635,30,1565389,3099715,0
304113,783,440378,23,20937756,229250,1
63421,687,425966,25,24155640,0,1
55817,775,7549220,28,9592339,459269,1
217839,701,7457306,0,772658,576292,1
42437,624,4578833,30,707242,72083,0
54658,855,267053,29,169929,19868,1
30955,713,8018472,20,1544770,0,0
46239,851,8991931,13,1612035,692088,0
40857,707,247852,22,6032388,0,1
70865,802,6646094,18,23610512,3698490,1
44580,633,1902164,22,22413772,0,1
69566,874,711553,11,1391016,318778,1
84079,380,2836919,27,59708,145456,0
164001,559,4631718,24,272360,673778,1
171941,380,3894540,2,250605,165683,0
71244,658,414218,0,6227206,325275,1
37720,704,1984690,16,134910,822409,0
44381,559,127275,14,4464010,2896957,1
48009,772,170434,23,1256993,0,1
96785,761,1118181,16,573570,2783503,1
75911,605,6765168,27,4950574,147638,0
265902,657,5863304,30,1538389,0,1
148516,778,762643,29,23446540,0,1
35972,897,6050586,23,13393701,121972,1
37547,700,4771323,23,1753029,48917,0
114073,559,7973446,0,10793844,792834,1
34364,858,5845540,13,13371338,149334,1
40166,890,8637323,22,2368392,0,0
38050,759,7439681,0,10766899,1528306,1
96695,580,1431878,25,273846,180124,1
112421,815,3361950,24,7246185,80639,1
74270,622,4942173,33,976319,25165,0
63930,770,9789498,18,3613089,4004726,0
33042,677,7420824,6,11469264,108024,1
42386,773,1350564,10,75954,0,1
145910,329,329241,4,8840118,2770332,0
59123,631,373089,9,475254,0,1
190604,738,7723063,4,19902732,0,1
190393,719,6834341,10,324162,182908,1
100315,669,4804489,0,455767,4629537,0
47081,650,187563,17,1233858,194618,1
47009,789,1079310,1,7465575,1075455,1
157845,638,252160,16,4802189,783659,1
104096,655,747378,3,5791526,1976939,1
92688,881,1255648,4,8983457,4485369,1
249074,895,1187082,26,3626149,0,1
46845,671,3116427,27,614378,115626,0
36097,767,9394101,23,14277457,0,1
168492,585,4497300,32,2453781,0,1
40427,676,4934321,28,1806132,372906,0
68710,654,8591351,19,2486703,1879514,0
67710,837,229100,21,3727311,0,1
43646,646,193278,25,184184,0,1
109446,628,1801271,16,2129245,671205,1
48628,896,247477,8,18963008,0,1
101466,405,4542997,33,338464,394271,0
267820,648,3063399,1,1692543,1947668,1
35160,497,334344,13,5424488,511273,0
102780,866,1802932,2,337768,3209407,1
30845,617,3368358,31,6717274,42364,0
58807,891,6506156,4,201112,137502,0
237317,681,4718184,35,86940,120472,1
64661,544,6930897,18,1624368,0,0
48168,818,456104,29,5203941,138950,1
89199,596,5736668,33,416740,95583,0
40323,707,1341333,16,2004011,0,1
98870,868,2127739,19,141126,883334,1
338318,800,4985739,0,1512203,1508058,1
32843,741,2215710,22,74745,96630,0
46133,730,3521178,26,130058,16966,0
88275,887,399566,21,3350251,724200,1
123263,784,4704604,21,711726,106645,1
91830,732,7551450,23,1692058,453924,0
76023,805,9233614,5,324458,109765,0
42005,495,199397,22,17190758,1073750,1
51122,647,955347,2,1034383,0,1
51801,356,9794237,24,125620,0,0
140530,700,339662,32,117056,953367,1
152643,899,2645847,13,152546,101323,1
103800,891,2380190,20,2447749,0,1
143368,562,607155,19,108681,0,1
170290,352,1593200,25,451506,0,0
278522,675,443425,10,353348,0,1
42690,539,1505893,30,1799181,865759,0
34725,717,342943,33,915868,0,1
131259,562,1350527,25,200682,763771,1
33632,731,7257174,32,253427,0,0
49484,699,5151226,31,534065,197830,0
41570,889,5383789,30,1985374,0,0
144092,632,4808943,11,16379264,4001376,1
105431,600,1381254,30,3270410,0,1
100980,835,4307459,9,2122743,431628,1
89538,833,9416785,29,6998114,0,1
47556,542,5543653,2,142301,0,0
72320,589,6555443,8,1691575,0,0
106957,764,346414,24,106349,0,1
42557,617,319571,18,234058,3956039,0
85281,507,1984424,25,2203184,65204,1
420610,724,2890418,23,9386901,1315368,1
75507,796,3651873,20,490081,0,1
125842,886,8953658,14,232394,88930,0
39552,638,484402,21,434947,175595,1
75228,749,394925,17,1066094,13608,1
62454,734,633293,22,53149,0,1
48560,844,5568061,1,151934,4172683,0
34764,731,4892531,32,60303,128349,0
169054,651,349935,15,682630,0,1
111843,437,1760063,30,18715711,0,1
82479,570,887419,7,3772167,0,1
41684,705,9980844,32,1237673,2600080,0
86227,525,425501,6,1373184,0,1
41450,681,2142281,5,664086,1100697,0
42496,432,308632,6,8263405,0,1
89813,831,311425,4,4659071,133763,1
40677,827,8906028,14,1459216,55726,0
47099,607,691061,1,18386812,388503,1
49207,612,9360114,4,1236582,1007428,0
106017,720,469051,21,5765824,377093,1
33749,768,4947341,32,8567775,547648,0
48473,736,2531624,19,12942058,336334,1
75858,822,6776895,30,14936416,997598,1
52254,790,1451320,13,1735912,170898,1
115125,318,4122407,2,2073522,1030415,0
71987,686,1685109,7,3385873,4968795,1
52827,891,8996885,13,748005,139422,0
196459,680,3231532,18,7352241,495925,1
152829,792,421207,24,163347,467920,1
405816,830,4075296,19,253799,169622,1
180681,309,9253541,2,83777,183532,0
215670,808,728438,32,621972,1694106,1
92421,672,2649884,16,7227264,1602170,1
114299,718,2697387,3,197770,747242,1
60474,302,9193573,33,17698105,603301,1
71412,870,170491,5,437720,0,1
52508,774,1282125,16,9629705,1078959,1
61556,861,5774805,10,13398641,201768,1
53577,665,498201,27,8066816,4716520,1
55563,826,5971838,32,535068,0,0
63665,780,3885171,26,1177047,0,0
117205,629,1729541,10,8348912,0,1
44177,701,5804575,17,274260,0,0
50336,765,9943153,35,3750413,0,0
70511,728,1023040,3,2009051,141768,1
39628,763,344936,8,8344904,2196355,1
198838,546,1705322,5,1930048,1114745,1
56566,896,4364055,21,15886978,493433,1
67973,806,7905932,17,825943,126564,0
61540,617,6288002,22,817942,1085131,0
130742,750,9977695,16,3058690,111975,0
222603,485,403442,6,133545,99875,0
35106,770,193489,6,348850,0,1
56413,662,8240618,4,451486,975985,0
89899,789,649266,24,267637,0,1
81478,859,385095,27,639521,107533,1
45757,663,5622119,5,3601089,163874,0
50864,862,2866421,1,1726498,0,1
41884,704,252972,9,214302,4761767,1
62417,875,533378,21,24540067,0,1
107651,748,283289,29,158942,559730,1
79755,399,573881,7,17487354,1911078,1
63368,645,8511083,24,17873078,300455,1
54887,560,923076,11,3671346,2367838,1
49354,796,6156506,21,5363003,60938,1
356406,802,8656088,2,11405325,0,1
56406,461,1448499,6,489658,4708634,0
61331,751,845303,2,4932926,87256,1
43406,818,324106,1,302338,502991,1
194490,467,4697544,3,4232083,134953,1
187886,822,6716536,31,11222295,690456,1
102383,839,8971895,23,67980,1114820,0
42082,782,3291607,21,264969,1868530,0
132205,882,1988731,17,3964377,130435,1
44444,698,4810558,6,460876,0,0
34215,748,3658490,12,16801251,1601720,1
72864,849,130789,5,1729047,0,1
34090,773,3926615,15,3143970,165542,1
49420,614,8514715,19,20965003,402609,1
42065,801,7513348,18,1746709,53815,0
69824,732,2480829,20,877958,3848039,0
67088,775,1954572,10,2395816,67861,1
64948,719,490483,6,6012342,0,1
242024,407,8460760,14,23802120,809321,1
42748,792,503727,26,111989,30845,1
44068,721,3561398,0,1293976,3551344,0
40656,672,310915,34,5335030,28737,1
50039,525,8145532,3,415963,284901,0
254925,734,3345798,9,21384647,0,1
56836,801,468243,32,2006189,96905,1
44393,729,6654724,31,15121480,606201,1
116194,755,392761,16,3775474,566398,1
79482,641,835635,32,184585,654170,1
85526,623,1779386,19,604117,280029,1
138136,793,7853693,34,716613,0,1
81372,897,4489289,32,447611,1696583,1
35531,417,430514,11,10471993,162379,1
116885,542,7333346,4,589043,137165,0
43932,679,7519252,20,408042,4053535,0
42802,826,1963459,24,1059329,0,1
60088,306,1031843,32,418694,1374648,0
294636,784,1857191,29,1209390,60951,1
90325,759,3582240,26,13778668,4428175,1
51702,838,325407,15,4261444,0,1
349279,652,191193,13,196971,0,1
89789,629,1518346,13,903461,70801,1
42130,741,8526878,18,582122,0,0
39247,323,620185,7,3072664,422786,1
36418,572,2669752,15,2425427,4457224,0
95593,842,4692459,5,15621728,160995,1
67351,397,7590313,5,7445402,0,0
70433,773,1837837,35,1208333,1815669,1
89891,773,1017360,9,15387602,662136,1
65288,619,998367,30,85182,22163,1
35766,638,7867856,18,17595103,1538841,1
35128,657,320231,3,782914,1073357,1
180894,848,1385254,27,2568155,1057849,1
116481,558,384509,22,8546462,79277,1
37771,751,347156,11,8569030,169364,1
44002,691,5450143,12,5677171,0,1
40624,512,8810294,2,698929,174494,0
75816,565,1722229,24,23473508,1196284,1
56191,664,537401,27,1195490,104535,1
157120,369,7602241,12,22551919,52249,1
49839,900,3797342,0,9641187,665365,0
95410,774,511911,17,389914,1002815,1
45251,824,450750,15,574302,718575,1
488108,825,5687868,7,24030516,225116,1
291490,759,1634702,6,11484303,407290,1
32217,842,1191520,26,3967450,616272,1
45142,733,275395,16,564408,13714,1
42023,600,2903814,10,17059772,0,1
71549,627,2517272,18,6350187,0,1
68842,898,3978885,0,6091912,3166069,0
31888,588,5644409,19,319052,4154440,0
85527,454,1843938,15,163728,99714,0
82663,742,6774756,14,922053,581686,0
162519,704,6678711,23,4998930,118222,1
39207,798,1200473,13,2896407,3687597,1
107101,684,4342127,9,7118872,0,1
35115,509,252304,2,12745679,727811,1
31616,790,8359275,19,1125609,4102616,0
79398,597,1219895,25,328556,575619,1
284320,887,7820600,16,20525571,0,1
90761,870,5281544,23,2585288,0,1
252191,609,6808001,13,281031,0,1
76964,737,5353016,2,1842017,576388,0
104825,683,200541,11,5904610,4168525,1
87559,678,150648,6,1365337,4098860,1
124561,321,5392933,8,1886057,1453514,0
69865,641,1951378,3,4520444,951555,1
58427,576,427034,17,1637660,0,1
148723,584,1979075,1,2873304,1095401,1
37014,858,5804577,5,11024694,0,1
191623,727,298221,32,1681298,0,1
112121,528,237200,3,4943420,3011073,0
30844,786,4874791,34,189452,147099,0
266725,878,4016737,28,430900,0,1
44761,726,800171,35,220140,345733,1
87873,558,7672145,13,2391160,0,0
151845,819,6153951,19,1020070,568850,1
94820,616,5599277,23,779865,466781,1
175997,827,425406,29,4283764,0,1
79021,885,1869605,22,1066062,138613,1
95177,689,231694,8,95767,1884981,1
58114,795,6961379,34,1740812,0,0
61889,699,1504417,33,337941,1569595,0
74585,791,8866794,19,4083918,74767,0
75334,684,1767932,35,818672,1727914,1
90549,765,364273,11,7335018,1997651,1
42596,785,1412635,1,5030096,282272,1
114814,867,346022,5,133633,3471554,1
67599,665,1224170,30,21125545,34761,1
176980,578,1062554,19,12311319,69683,1
136975,605,1162284,19,1985700,0,1
149344,376,1881249,0,78393,64424,0
45918,716,267495,19,399787,601568,1
95227,900,1304096,23,14319198,0,1
40065,788,2647765,8,415299,0,0
40033,797,4669694,32,17920418,1485586,1
67737,819,4264310,8,190698,0,0
228845,519,354140,6,2886354,850637,1
76469,637,8073894,20,471096,1939681,0
34463,501,257850,27,107773,0,0
114582,550,186303,31,1503578,0,1
34386,890,190630,32,391236,1528844,1
119647,628,3670270,13,6461099,602742,1
229238,767,1607701,9,184529,114426,1
212023,844,1430466,9,5155687,172028,1
54222,558,3134489,7,6639855,519972,1
46615,829,343484,32,1563012,46265,1
324040,644,851661,0,632342,0,1
45203,754,9383520,9,2639932,191082,0
40941,844,8019727,23,2318294,46872,0
71534,656,8284397,27,6775314,779068,0
199359,650,5519399,19,1933872,145378,1
190137,757,3445013,27,2403733,197136,1
42753,451,2205838,30,478321,102001,0
200541,770,6203212,30,1765094,2285584,1
199975,544,845393,5,1988302,4352521,0
47736,564,4633894,27,2683500,0,0
101052,817,2475144,22,2108211,0,1
65142,571,4037263,4,17817789,0,1
111873,633,304974,20,4816548,0,1
87366,849,180464,14,4637465,325145,1
40307,871,1930287,20,780275,1327824,1
53113,829,157431,14,4743429,0,1
43385,554,236413,6,1021103,39574,1
58004,874,1871614,3,21462356,0,1
441786,881,1905734,16,14724598,1611042,1
86632,590,980832,5,1367811,1976902,1
130499,781,3485787,24,6217429,81273,1
83622,581,2056010,34,463731,157532,1
45149,540,1465095,9,467657,0,0
33975,601,1651982,3,20399021,444090,1
39995,813,4970870,28,132737,25782,0
31564,677,3415177,16,237045,63703,0
45870,601,1463170,25,1404588,121875,1
48602,853,394501,12,3583305,878634,1
47635,322,317639,1,377611,392248,0
65832,713,7061908,9,19011707,26694,1
97916,717,3444299,4,943323,0,1
36296,781,3169945,12,854954,661789,0
33140,524,200794,32,7329875,0,1
87774,370,3819351,22,2425843,144182,1
32215,765,5540833,32,298753,1533652,0
44780,785,385819,11,20392599,646397,1
167263,353,4102397,22,852805,304091,0
248949,799,3154490,32,848805,346460,1
48592,640,1537914,22,106924,0,1
43731,658,4823290,25,16621002,0,1
40376,697,3996499,31,441826,1885504,0
491995,828,330401,18,106660,438245,1
76274,657,6233866,1,17171505,144436,1
72598,559,4816527,16,1800440,121267,0
131406,667,6162774,30,2377835,846258,1
148846,500,481868,33,6601625,119564,1
260895,641,2379875,26,1269161,3608819,1
173497,477,3631217,6,2824432,1895419,0
40697,544,9398592,20,244408,56563,0
78725,533,4738744,19,3513423,4802763,0
116763,520,9082497,21,17793667,1813501,1
37054,680,8023195,13,6001692,1301131,0
34969,611,6666860,22,751386,2278156,0
38510,872,113850,25,7334234,0,1
32831,718,1422747,9,95984,1249104,0
35875,727,8364265,5,2661963,0,0
99677,656,330192,2,4027217,386983,1
154830,491,254713,33,4643509,0,1
102834,600,1761472,28,4250335,1881428,1
33829,505,1711207,34,1290844,516637,0
74740,747,3937431,34,3189870,3241882,0
70831,794,1453876,31,1727965,279756,1
113272,796,3870056,19,702512,0,1
69343,500,626222,23,399380,1510774,0
243794,787,1891063,23,4132958,106945,1
38828,692,448894,35,9458751,451210,1
159546,776,6332165,29,530724,0,1
66777,335,9886052,3,1743592,0,0
62327,867,4710292,21,13859792,1612926,1
71066,305,355047,25,19367330,1920195,1
89717,606,326557,16,1966156,1225670,1
67066,528,1293934,22,784530,262568,1
71889,500,662971,31,337558,107515,1
390885,661,1940635,13,5508312,2086851,1
94302,743,1710714,35,138792,1424347,1
69409,786,7803555,5,13040355,1707276,1
69820,473,2049459,18,1700532,0,1
37790,630,3376074,33,361960,15304,0
100299,557,9787299,32,21534167,522240,1
83763,735,5376088,14,554221,57454,0
50963,742,862833,3,977944,0,1
110359,408,2560283,29,1712382,0,1
31591,761,6722639,14,475791,1576189,0
41963,565,6918882,2,71641,326382,0
40774,744,1115248,19,488622,139398,1
145275,635,2625194,11,9162012,49587,1
168415,510,3910250,27,206244,0,0
393100,318,356935,13,1204825,787990,1
185466,753,1781196,0,1381491,1119941,1
49463,580,5047497,18,1992180,0,0
56156,530,4030559,33,1912174,716543,0
96019,877,3607605,16,16147485,0,1
208921,746,1088737,30,259962,183753,1
77429,560,880640,14,1714334,679031,1
45191,429,2939086,21,850927,408137,0
41850,614,4000968,33,767106,1636668,0
93444,504,5499419,12,3742024,4915635,0
42142,875,350524,19,3978362,0,1
326204,803,7502128,13,3864508,47048,1
258719,561,1400145,7,6817977,0,1
64596,567,487164,27,11918481,0,1
85551,805,309684,1,486747,2703234,1
62033,841,496588,25,4379172,3905973,1
31364,753,8507511,21,1764601,133077,0
32614,805,7416017,25,1858828,78315,0
170384,886,1987626,5,342616,187756,1
56793,520,416881,23,401849,120676,1
38081,846,146566,22,238984,780820,1
72223,594,9432786,19,1653803,164373,0
191192,433,408978,20,1926661,667134,1
168315,514,418577,22,330099,0,1
42984,769,1994457,28,21366246,3406340,1
56139,789,1316665,32,18623899,0,1
274714,895,3743130,25,1527087,13160,1
98071,747,6697669,9,7547849,443688,1
78252,668,4463095,15,302820,1090975,0
43902,661,6658092,6,1690821,0,0
97892,720,5878244,9,4074267,17128,0
174329,815,3761636,17,364274,549813,1
92639,890,417250,13,521731,0,1
171943,668,5253614,28,433145,0,1
34885,658,7334113,26,3377380,0,0
88524,629,279296,30,21098432,0,1
142282,832,4336748,12,11569839,0,1
74298,305,8699315,32,101000,0,0
109691,863,1524877,21,2910501,659284,1
49955,412,4325881,1,264499,170058,0
252135,439,459820,28,887335,0,1
256423,407,2941077,8,8796738,2155300,1
44400,756,247018,2,147450,133005,1
355550,787,7319943,27,79067,1850754,1
82744,743,3461051,8,587250,0,1
138361,835,591809,30,8632338,1477510,1
104414,854,137990,16,4076044,33685,1
36339,309,9505558,19,56236,169495,0
103862,551,1433220,13,2385214,184147,1
92910,488,389508,31,20671591,630432,1
62512,706,1594088,34,20022247,2351618,1
42113,443,9744321,7,10840028,0,1
116026,825,5025777,17,20166275,4038894,1
448780,854,3508645,7,750998,186453,1
44768,456,6625884,14,1021629,4213453,0
179277,618,157656,15,21471743,0,1
181722,595,1920898,2,2802220,0,1
111229,439,1545606,5,19810160,0,1
49475,605,1012936,17,20045832,1419692,1
34313,664,205567,16,7518203,155648,1
41129,876,1315356,33,416775,793923,1
104693,752,1866262,20,21583431,75238,1
42739,546,127258,7,4308419,3912953,0
37064,708,433055,8,67655,1209561,0
70737,690,2322664,35,499209,0,1
98756,682,1466211,0,23445875,0,1
41976,736,1084003,11,4852001,602488,1
31660,820,374026,7,165644,0,1
105609,809,4678592,33,463599,773822,1
40083,739,1498729,0,21436337,0,1
262876,423,173992,1,3045977,485901,1
87618,808,4011564,15,1274842,370262,1
35151,669,1876526,34,4961453,0,1
92724,758,754029,17,9112100,1788615,1
67032,856,4024352,25,4917724,3255689,0
89539,524,260214,24,9884541,4237596,0
30059,609,477932,23,1255164,0,1
35699,817,4447776,5,1452114,1097176,0
56711,874,2935698,6,343676,186068,1
66805,657,1936475,23,17726183,192867,1
141006,615,8457532,19,4512017,407077,1
45896,862,3141999,6,19088309,646843,1
67887,704,285562,16,2887047,0,1
409878,868,7538625,13,1590378,188596,1
43534,862,373536,18,6160019,166157,1
58804,430,456105,1,864865,338652,1
40132,807,484145,6,18313066,0,1
36971,518,7900939,0,319179,1592906,0
72929,734,1410285,16,274173,4720420,0
109821,623,335692,8,1228435,1381850,1
60231,885,2221007,3,3967094,0,1
45917,818,845756,14,479432,1142230,1
53713,704,463069,16,13847607,0,1
70050,596,7322287,5,311869,139940,0
91038,723,7913244,12,3097912,2413561,0
48276,892,6328727,14,20655231,0,1
59197,313,569472,30,12283397,0,1
431435,571,7095121,20,3248992,0,1
31185,826,6565941,31,6464921,414716,0
79319,652,1182351,2,657323,0,1
40831,508,5154725,12,3631732,64954,0
99377,744,6083767,5,17070839,0,1
170974,623,639652,1,1000820,1277785,1
49325,648,2540164,15,4211780,195627,1
35626,505,1707785,0,24511579,172706,1
77398,625,4982152,19,9942014,67829,0
36940,585,2742994,28,20591309,158335,1
115964,618,826984,28,62231,903013,1
86290,622,6419930,32,172462,0,0
182599,627,108912,31,19560418,2154307,1
67414,685,986879,7,11003911,1756437,1
34270,411,826100,7,1338285,0,1
178083,702,8973181,15,9724535,638337,1
75739,430,6079935,15,410318,0,0
51546,615,6064687,5,191924,83136,0
59660,710,8581989,8,110187,0,0
87375,762,2681744,13,1198099,0,1
283638,885,9747374,5,2927146,513321,1
59740,761,1169880,30,3262173,142659,1
228128,584,479028,0,2537983,159862,1
46032,852,415466,5,19898094,149863,1
64165,581,6424180,10,1264689,0,0
117416,536,122522,10,22510024,188436,1
52188,825,7178338,3,638641,0,0
291980,812,515176,13,183015,758484,1
85657,791,4842157,4,1954562,629434,1
79326,467,1090653,27,8430732,1560336,0
42357,735,8662457,6,497385,0,0
55431,509,1083017,17,1889285,39992,1
50369,676,3430821,9,119885,94063,0
225683,731,9556514,4,4892724,1783424,1
50283,591,2489133,22,1281377,0,1
116378,778,207302,34,1896397,979673,1
284668,737,954768,27,1349764,137409,1
47112,573,1142855,16,757872,450511,1
429516,704,366742,29,3558465,1450472,1
272297,630,5582836,26,2826794,1968289,1
44247,617,7257390,32,8457592,0,0
90761,571,8226434,5,1341550,1313611,0
37865,824,207533,29,19630361,627329,1
60759,757,296968,11,1422794,0,1
62460,604,829426,1,11651910,290271,1
54599,727,9165751,12,6836995,0,0
39106,789,704293,27,852222,376705,1
216550,895,242316,35,342308,1856861,1
62424,812,2102927,15,62578,131615,1
76861,311,356889,14,15494197,1687534,1
200485,809,1448793,8,189338,1345797,1
140460,327,9561537,1,159915,0,0
69080,374,2834482,0,9262565,0,0
32194,658,6246883,26,1556619,161812,0
202682,575,478460,33,4845699,191718,1
102961,581,7470610,20,2233871,1129135,0
179167,833,8562338,30,196793,165921,1
131713,889,6521690,10,1365835,4891159,1
108045,520,3052276,35,2230506,179718,1
34732,689,394312,32,367782,135909,1
45852,888,9038734,16,447668,1202474,0
165210,775,251319,34,4730463,66636,1
81736,884,462758,12,6670177,59981,1
106273,877,1584526,11,1800874,186756,1
170328,719,463543,32,1401379,104751,1
72709,689,254641,4,943808,171018,1
55523,613,5624856,15,435049,18031,0
64690,843,5856084,21,3626256,0,1
138979,669,2696051,21,616048,10390,1
50106,494,1265688,15,1979496,0,1
77802,791,810384,14,424375,1666510,1
172708,880,7075721,29,1499214,0,1
65154,689,236738,22,1876415,1371296,1
110217,630,9249157,4,1929596,4068341,0
92497,772,6867825,8,11306308,0,1
369766,591,7731361,7,2683896,0,1
35036,384,959427,10,14750370,0,1
35550,444,6109642,14,2527719,4951098,0
63756,463,7639769,24,24723274,853708,1
152705,544,8328894,24,1767272,0,0
238530,758,4918022,31,494686,1340202,1
113528,510,9836501,10,8953895,3888739,0
39577,733,235256,10,51667,907558,1
48372,655,1787681,35,548103,1851971,0
72507,718,1528929,31,153419,153314,1
33923,661,7178087,32,3788396,119345,0
35495,614,9073294,20,2988411,452131,0
172206,849,230943,16,1672648,828071,1
120377,644,292970,31,8677061,85582,1
56868,761,1349925,3,80879,582324,1
252440,867,3340126,31,1413509,631981,1
36234,898,4983642,23,4121563,103480,1
72801,732,3300926,22,211448,68070,1
114542,894,3876588,5,12130734,848793,1
37635,650,2552890,31,18534197,51042,1
101764,570,907282,6,6962094,75625,1
43265,510,408723,8,443248,136558,1
39422,366,7576890,8,9430659,1094062,0
67269,717,7761260,1,11484035,132164,1
46082,695,346160,32,375316,429698,1
51776,878,4842478,0,3771790,0,0
110329,326,3833465,10,1191594,0,0
178033,672,8925452,20,6449457,253034,1
116270,809,2296136,25,306939,0,1
48099,509,350036,20,4288004,0,1
105736,693,592535,29,15850208,347793,1
218848,769,915918,9,485896,115973,1
45857,898,414156,5,5497018,706435,1
31982,636,6094651,10,3607637,0,0
35674,771,8438991,19,7720147,16465,1
32795,598,2140508,32,1965233,0,0
38041,721,1043503,31,314437,3251894,0
114179,748,5281472,31,3191813,287618,1
39260,640,1864201,17,379063,1629327,0
95103,354,1589430,35,196887,1531132,0
200719,413,3481649,33,2159899,931388,1
154140,625,1375104,16,18341961,0,1
44430,348,8910076,16,3014927,75532,0
30644,886,8246023,7,1264865,59195,0
62598,512,486906,11,2459167,197209,1
174762,510,718709,1,734762,174059,1
73799,783,916870,14,19255257,1731146,1
45739,604,5550069,1,133439,502520,0
92163,735,3487435,0,3243357,17569,1
162076,349,233459,8,12063759,35353,1
63450,712,9533308,0,1629295,324167,0
118504,850,1183479,29,23313565,4877865,1
53408,732,6089301,5,1660821,659334,0
64087,741,807606,29,5562776,0,1
84801,871,5924058,23,790876,1419771,0
61933,695,5396116,22,217896,271602,0
37543,323,1723136,31,11503316,857564,1
73822,656,3813206,26,638068,359261,1
88369,695,6213160,33,24279846,0,1
57276,424,8816710,16,426024,119089,0
160156,689,390250,29,1418957,17762,1
49345,532,322644,19,1103801,174511,1
158453,432,2682927,26,7059682,59941,1
95156,764,1287035,28,1268002,1410949,1
41605,792,1493277,14,2170874,0,1
80458,839,6028328,0,830903,811225,0
77747,564,910511,11,517543,33685,1
69992,777,280476,12,5865511,738161,1
74729,368,1637399,28,7110512,2598286,0
37253,851,1698376,2,1921931,3714334,1
110602,652,4614673,35,1302104,2587206,1
142466,738,3823933,2,15783919,458087,1
68274,643,8987808,0,1405384,247840,0
118469,365,8073636,32,140804,952490,0
110078,680,6526565,25,17799992,1586944,1
69665,797,7565326,15,224358,67975,0
281721,824,7102414,28,4117509,189153,1
366118,720,2886651,6,300602,0,1
51066,730,363927,8,837989,83516,1
112549,644,3777074,33,4764865,1629634,1
246444,507,1704267,29,359210,1580734,0
35581,733,8006075,3,100308,551680,0
196595,711,8274443,18,9398856,327729,1
68298,526,258740,18,1763469,73002,1
398992,718,7903310,7,1828949,0,1
42173,478,2709147,22,1512698,3431686,0
230678,601,4851103,15,4366937,0,1
262512,723,2852063,28,3116364,929078,1
37988,606,792912,15,241996,0,1
47098,895,9259326,30,256593,633419,0
64647,579,491995,11,302430,65995,1
50562,845,8463382,32,3451397,733732,0
58259,521,6348071,24,9586651,1829099,0
66595,722,276445,1,80034,85857,1
47055,742,3775063,18,198166,0,0
159340,646,251926,28,1495807,555421,1
58982,517,262317,30,2332599,1294891,0
151139,798,1225251,1,7595686,218243,1
295314,605,2101376,9,3646736,0,1
117179,507,363791,11,453405,63209,1
62043,668,996187,13,1476837,1959619,1
52907,810,9832667,0,16811329,159665,1
85234,383,251536,0,2830995,0,0
81358,736,2187081,2,4628392,386650,1
283119,467,817448,10,219204,323962,0
39525,571,9670672,13,4401130,671246,0
99002,356,224064,8,3446450,0,1
63522,610,7795831,18,1217975,0,0
131975,654,283199,29,1339957,1365983,1
265207,665,4367612,20,2928057,131994,1
38117,812,2268403,35,1660705,0,1
69436,345,5019334,12,5193092,144015,0
88070,535,1717967,13,13101608,0,1
91221,721,6019964,11,1676665,85571,0
61264,746,5001919,33,408069,0,0
103927,786,1265877,11,3534938,2173130,1
190890,763,3874808,5,1492565,4884967,1
193425,380,5597557,30,395484,96877,0
73982,655,2081030,12,2736462,3427831,1
88642,682,3921043,6,81415,165785,1
73720,774,184233,10,141580,189209,1
84105,587,369426,1,7987582,786961,1
103961,801,9934579,17,4996634,1394475,0
167071,775,2185601,25,8417275,2924131,1
41025,686,8273137,22,2396509,0,0
32798,324,964038,35,4796787,1789953,0
70523,729,1040624,34,1433139,0,1
119942,875,6177573,6,544849,507736,1
57400,490,6032812,18,4847374,934886,0
60774,694,451189,0,20175060,45723,1
429838,604,9534928,11,1081959,797727,1
37246,743,1934094,24,6594793,546687,1
40264,723,895628,2,154811,684458,1
233958,751,477398,23,4791140,88548,1
289178,688,6603263,7,1961272,0,1
188572,573,4785236,22,1847352,0,1
192394,366,3179839,14,246341,3466476,0
178653,751,1316965,25,651041,708048,1
207715,455,2613916,18,328029,786834,0
87221,803,1774067,22,23386133,1073618,1
37564,619,3312789,17,743718,234382,0
53859,879,8543573,4,1026646,1277056,0
107415,627,7846156,5,476633,191622,0
47873,653,112948,22,3773025,0,1
43205,854,9606538,18,3065962,105911,0
49786,372,3365068,20,521824,0,0
186212,788,102468,7,101895,401908,1
141675,619,9494732,16,4556917,1054755,0
284243,528,4162323,35,6341183,0,1
52544,653,215640,34,1730157,15047,1
74816,760,8841375,31,5622591,570786,0
79842,678,1395665,35,202907,17514,1
196329,805,1758571,32,21674583,59100,1
78928,881,3391432,33,2804924,0,1
38134,521,2247568,24,20505288,162715,1
79945,733,2509050,9,1015244,49282,1
265725,709,2480445,3,2126971,0,1
46745,406,4390195,5,8386015,554592,0
34372,663,3615253,35,1432352,1968897,0
57617,753,118259,2,22954072,0,1
76615,772,7467620,4,7975160,134748,1
46162,531,569973,18,5122328,0,1
98184,692,193227,4,1368692,4998815,1
78240,722,9369246,10,3391545,251013,0
247065,679,7443866,23,616467,233364,1
47113,577,3181436,7,3564389,257221,0
42367,681,5071752,18,3254217,592663,0
274345,853,8020558,12,1080504,1164982,1
418331,739,162653,16,4659490,0,1
43425,339,8126241,33,3057612,1528364,0
420009,784,192914,17,230354,139844,1
53315,865,7968452,24,187665,750325,0
46509,834,127415,25,10976817,3709772,1
46655,686,9920877,18,7498271,364251,0
76561,631,4329804,24,4127900,0,1
207665,770,2694781,29,361275,1827261,1
83871,326,2493642,35,427476,0,0
42946,742,1578357,10,7580252,1651301,1
45106,773,1696146,16,251020,3727954,1
83527,514,5503042,25,1406663,144177,0
315589,588,1775766,31,217729,1208620,1
239506,703,612200,9,249655,0,1
121616,380,4685493,21,1047494,243890,0
62185,762,1574353,29,409403,0,1
40592,859,6214421,31,1643395,1186308,0
79269,789,9295854,5,7829373,0,1
72595,649,747469,3,7417507,555713,1
40103,474,606962,5,18299250,1634354,1
70675,857,382091,19,23660769,198822,1
69192,683,5452117,0,9829277,4461225,0
267771,545,9754438,10,420720,1610519,0
40642,601,7320680,14,1562113,152316,0
119867,733,835291,24,420889,12245,1
51817,344,419575,32,10493504,15149,1
135389,780,7770492,4,3343158,0,1
50296,660,1929342,14,190430,828552,1
51111,635,3483330,25,1007968,0,0
56427,501,9061868,13,979387,1391996,0
300743,897,7090178,18,133068,1822265,1
83939,762,3228104,9,23491485,117691,1
96266,822,8327345,25,174685,1640473,0
204652,516,9719563,9,2252241,3449144,0
86995,793,2099975,28,390289,148881,1
56371,783,877949,21,3432005,116940,1
92479,730,4515824,24,3885764,0,1
81943,740,781615,14,10425986,0,1
35016,514,2275310,7,80221,0,0
38623,605,9771726,34,4516223,1063788,0
36721,596,6942419,3,2368204,1362449,0
40800,876,255672,0,4205091,2872223,1
108010,529,664815,15,17644926,56615,1
76147,792,5656438,7,1420134,183466,0
102965,583,1753113,13,2066672,0,1
49163,791,3705727,0,1440369,1727873,0
216690,844,2651361,12,145463,0,1
270479,821,2900280,23,8606695,0,1
114637,816,6261377,4,4426292,0,1
31804,729,9902602,21,4786016,0,0
35485,558,6027555,30,2591557,0,0
396367,762,222172,28,3429643,0,1
73988,819,3406438,29,8347972,0,1
184681,542,9883793,20,2544244,162682,0
68734,545,3776479,20,3986662,3867650,0
260466,753,332423,19,6646668,0,1
87446,537,6817222,5,1845319,0,0
49302,603,320917,27,3583704,1855829,1
45542,821,7111998,12,184149,379196,0
70242,650,278994,10,385997,0,1
123166,856,391540,8,5133613,127324,1
73145,548,7698577,8,126050,0,0
63856,629,3963355,24,2596178,148290,0
62260,591,9373188,31,1801091,733668,0
38088,674,2835907,11,1909467,0,0
153400,343,453599,22,1630882,0,1
63716,557,1653533,21,3114105,441570,1
105049,378,1122680,16,2071930,99500,1
105626,787,769186,33,19986511,383089,1
64965,818,3832369,14,474003,708962,1
40989,398,5521162,13,3834948,508408,0
110586,456,3397904,20,2136604,4263312,0
254525,822,1693009,4,9125575,150464,1
30949,546,1985463,6,339755,672091,0
101653,849,3639478,10,490491,73926,1
96140,612,1641539,6,7257920,0,1
76657,630,4115310,21,110935,0,1
44094,706,2885705,8,190612,0,0
66804,537,5523227,20,1610626,1895884,0
71762,491,4959005,7,468176,0,0
58013,619,5467252,30,1628217,520378,0
30443,613,1150170,5,4302190,569178,1
44489,545,3287960,7,1128538,235119,0
32297,807,2982751,7,2702547,445290,0
101667,390,7132346,24,2881909,4646365,0
33531,602,9932746,21,1078516,114423,0
56393,498,8145659,29,62593,335754,0
232792,682,4807350,24,4777534,101913,1
58670,561,8592356,27,4969493,0,0
36542,514,7872064,14,195029,0,0
366882,518,8898104,16,560269,0,1
137785,683,7369054,5,276775,328308,1
73797,800,9962865,25,409456,4504440,0
35910,641,241509,9,1803080,0,1
179832,847,9881462,3,326423,1220022,1
39364,356,2245223,6,532143,109133,0
44632,597,7953248,5,18587804,1523203,1
322928,634,5442854,10,2322406,159671,1
44157,843,8299639,17,454174,333378,0
43430,720,1710604,6,672346,257378,1
73057,711,8009192,32,9873245,0,1
73890,544,1984947,34,843709,47812,0
192106,635,1833326,25,418627,0,1
47171,617,5192017,4,1198684,153599,0
194682,693,382558,11,5526095,56822,1
38256,477,3452588,8,8663731,0,0
218358,471,1335403,16,169644,0,0
49830,769,405829,13,5978183,0,1
100402,873,8150312,19,377266,0,0
118477,784,4137220,0,11610360,0,1
57077,769,7846840,25,52348,0,0
68410,543,2310198,21,3551087,4623302,0
108851,612,847271,14,3774115,0,1
40754,539,1488849,1,367168,453429,0
105855,619,4962800,5,12400262,0,1
107236,685,115523,30,4342318,0,1
57043,727,3287451,5,7531889,45695,1
95850,597,187744,24,18078176,734648,1
32736,600,318034,26,524266,237458,1
111260,510,1372246,24,1560876,0,1
37388,661,9496412,7,121900,293616,0
187297,650,6050533,8,126453,44228,1
108550,890,169523,22,3444467,1543767,1
36554,854,2714265,18,161711,0,0
143694,481,1754894,13,3524518,205662,1
43155,744,6896348,23,432078,358838,0
40682,815,2278074,23,313464,182747,1
90487,687,682716,32,1652198,4007175,1
57521,680,126763,33,143362,0,1
78440,593,3671589,29,515974,570490,1
131042,848,421811,0,7375355,0,1
91410,628,6203826,33,1283112,183477,0
142508,731,4428816,27,651384,701212,1
54090,524,702167,15,363690,611758,0
146115,757,3879989,25,7120376,771659,1
52945,640,228608,4,120638,1738235,0
97788,708,3123131,4,3559611,4136734,1
49368,900,1537911,12,21852500,0,1
247557,745,4420924,27,2208260,356368,1
89988,889,3146651,4,1672196,123566,1
161616,699,3005479,34,5888803,1897009,1
78647,667,2018491,16,1889457,0,1
80812,659,3716468,7,3734446,1701886,1
118489,715,2714205,28,797556,92602,1
42671,751,2079092,34,2631467,984002,1
115566,540,5601081,17,1766514,0,0
114882,546,4432886,22,4403703,615226,1
72378,471,5134015,27,262439,1128605,0
109739,644,472395,24,21434901,0,1
58784,691,6949195,31,5726329,177875,0
51899,738,3906843,21,7747887,168575,1
90768,615,9009394,23,9091395,0,0
60410,702,141710,21,18190634,0,1
167809,774,7354949,14,1173339,1029100,1
185168,738,9527823,28,6313377,164586,1
46359,744,8866342,27,2835369,740103,0
98626,867,2075676,35,1754608,0,1
150656,630,3922781,17,427898,687663,1
113754,823,3805602,31,604199,147353,1
150984,714,293206,26,6628531,4386828,1
273580,600,3215637,34,1365227,1465505,1
57906,616,6382603,11,985207,0,0
30759,782,183344,13,4638961,141391,1
146385,307,1453965,10,3158213,239216,1
40953,545,749184,30,1551564,0,1
82920,764,7978013,29,23356068,409353,1
33612,756,3270353,7,1853057,0,1
43353,634,9459097,17,2530630,1303337,0
48288,696,4673450,26,7301127,1138988,0
174033,552,2430746,14,1288331,648408,1
74822,774,3879226,17,375742,0,1
34819,377,210949,19,9421788,779646,0
163942,863,2489384,7,6101940,415078,1
51689,724,9113723,14,5663533,1168375,0
54678,845,121426,34,1236970,567510,1
100405,669,5102280,22,23945021,552043,1
49526,405,3419772,30,10019272,0,1
96003,720,5184139,27,4727516,787833,1
36782,748,9633588,14,7032281,175669,0
124397,663,2761265,16,3922384,0,1
43857,789,4982385,14,4799170,3403342,0
56323,500,814636,2,1637429,424433,1
41203,635,2068039,24,8393405,0,1
37936,319,6985648,20,1949346,0,0
39267,732,8310191,28,428032,0,0
63451,737,495092,6,12479677,0,1
39670,800,444062,19,23218903,774316,1
43585,547,4586015,35,1861976,3980509,0
146401,764,3829611,11,884859,0,1
36560,606,1738927,34,20772157,0,1
117730,821,123941,20,3988875,0,1
144330,863,9015414,20,1320907,0,0
186169,819,8162588,27,494787,0,1
214047,835,444252,16,5770713,0,1
104854,690,145603,4,3713295,4309123,1
41404,769,9779509,4,4346095,0,0
106460,748,5193848,11,7764658,0,1
40314,848,278137,29,464279,0,1
119059,766,3340337,32,1716483,143461,1
42660,609,6203197,17,15836130,1713914,1
33964,706,1333710,6,6048986,1563535,1
123674,754,339885,29,18947070,3548211,1
55000,503,287985,7,1139332,3329310,0
48189,732,352433,24,3685388,2298187,1
37858,488,907577,5,3834891,0,1
121006,689,3896264,2,17561294,66911,1
54979,682,5854336,1,23920061,169849,1
66077,432,1095509,28,2482506,25410,1
198012,382,2198721,7,287437,128453,0
76142,464,9604615,8,24694750,27413,1
410715,575,1273263,16,255313,0,1
37728,649,7407230,22,496762,0,0
156146,709,707438,16,166590,115150,1
45950,820,6697971,8,2863138,2389112,0
371691,676,4018918,33,350270,80580,1
54186,606,2042480,14,7250956,667534,1
52446,661,8452611,23,82301,1036033,0
61921,523,5532193,6,275190,35751,0
35647,597,907937,29,1129398,27324,1
363132,562,1401685,28,12534394,621218,1
30905,339,4165793,30,13205705,0,1
53970,534,300586,31,1889313,1027158,0
78934,522,4149920,3,2984433,0,0
118193,877,9175494,21,416635,1183524,0
40259,575,851313,7,215583,0,1
32370,713,226010,9,12992014,0,1
35702,841,2634611,0,535383,0,0
110285,568,9795022,3,1029080,170204,0
43303,643,1349701,4,6064428,580176,1
188310,659,1860612,30,6767041,626344,1
276581,626,7542646,18,6166001,756372,1
34381,765,4994602,5,7301967,0,1
101173,881,2916208,5,621959,77384,1
150279,563,970208,29,697108,136664,1
80018,718,263445,20,68315,0,1
34825,731,2421582,9,1853782,953125,0
184010,708,163880,27,3703806,550108,1
115199,891,6217508,31,1245552,0,1
86067,737,470050,32,1642113,133565,1
43194,631,6658895,17,1823821,2275891,0
316272,667,256398,34,12363371,2178531,1
58657,580,114799,33,2887470,0,1
267778,728,7177883,20,2342780,0,1
55054,857,2000203,27,5686019,430153,1
80185,580,472541,18,2528339,0,1
36146,686,102779,7,1001925,0,1
44458,547,1304840,20,2177214,1023016,0
81144,750,8133517,27,1919548,499067,0
40789,701,1381420,11,910542,755882,1
166028,818,870865,9,17534598,0,1
212480,533,4644765,29,366663,154243,0
90221,894,4336726,15,9398864,138125,1
33921,705,5182096,34,7654605,737651,0
95500,758,1326131,29,7939348,76990,1
156704,900,428376,17,154572,190551,1
109858,613,1778077,17,9236003,45351,1
108831,529,1082133,5,5140798,368053,1
89069,582,238390,0,84980,251654,0
70809,783,3941979,13,1313144,3114717,0
278092,649,2934094,2,4322979,0,1
109501,837,434368,5,20971890,52106,1
47099,637,1291735,32,6539123,10543,1
180609,694,6070425,15,337799,80193,1
52229,898,412213,7,7638930,1586101,1
56926,637,9756387,4,17923728,0,1
33208,510,8773713,4,118640,96523,0
48545,649,1623822,6,1052684,0,1
288311,533,902741,5,21059297,31193,1
164678,891,3627071,35,447325,0,1
70868,717,5489966,4,125482,68628,0
62434,553,245429,0,1726004,0,1
35408,616,4635712,2,757015,1106744,0
76910,816,1920674,21,1648944,0,1
266319,681,267571,25,17074412,124947,1
73034,722,2036789,14,9751081,738882,1
74716,897,4362263,15,3521665,0,1
197154,626,266914,26,16955222,103967,1
185869,756,204598,7,1050501,0,1
38025,730,642211,22,168161,0,1
180069,401,1628179,3,886139,842140,1
71456,623,9576851,23,199088,0,0
49056,796,1210272,5,975348,0,1
40428,493,2154545,25,2051006,13423,0
103047,432,146917,6,649409,4009471,0
45113,767,4661685,0,353709,471246,0
114919,753,487403,30,896761,4147343,1
295902,726,2025874,1,1857613,198695,1
81199,515,397814,3,2409891,350174,1
64718,647,4968604,15,2338377,172285,0
68004,748,5943705,28,279147,10212,0
43135,722,293198,27,4470606,17990,1
347429,657,2126481,6,187356,466631,1
116539,649,161836,29,1323470,95005,1
68273,354,1288521,27,313032,1205456,0
118951,611,4053591,23,5194170,160499,1
65313,399,8471999,12,8910938,0,0
99203,651,1320191,18,375353,0,1
253821,491,1219548,33,8317856,1067313,1
56404,768,4397182,14,8539187,502026,1
34538,746,211427,13,1723522,0,1
34967,620,4553318,15,497535,0,0
212200,649,449184,22,86611,1001126,1
489447,766,9448739,8,7697391,1794986,1
47166,391,6840371,28,10483731,0,1
111955,683,370192,23,9967236,0,1
65530,850,401695,4,8521856,254488,1
73016,873,2346944,5,237382,0,1
30049,764,6762450,4,3005442,165044,0
53815,611,6850715,13,3618667,1798807,0
63004,685,6847898,16,9646601,145468,1
89933,462,4242321,25,8866800,0,1
92463,816,346041,5,4283926,1721893,1
164993,684,3944787,13,24247492,592521,1
179998,549,634993,8,1949723,79173,1
149749,778,2403512,9,3988321,1999785,1
51366,746,7597788,35,6852107,132396,0
114035,381,5094778,1,269996,115499,0
43953,875,2000905,32,5902002,520320,1
39639,556,685593,0,12315641,0,1
44091,882,1303235,26,6430797,0,1
289590,623,751936,9,220551,2680005,1
478193,703,832462,17,23863026,158358,1
34177,738,7993984,0,2402524,525593,0
154172,608,307386,25,5924723,2619345,1
67910,377,1987060,28,5938167,18352,1
78826,827,5105174,1,2695939,0,0
36465,543,9980590,33,17427590,810029,1
73531,678,235005,35,534310,883074,1
160736,868,2449677,8,4309711,0,1
105208,720,9779486,19,2866159,597735,0
220004,742,480838,8,1661942,89998,1
266920,728,3728036,12,522474,268704,1
31136,784,1029698,0,115772,157870,1
39328,586,1827297,21,4088448,203686,1
43201,419,9102140,29,4124138,0,0
79292,685,2726682,32,3008717,2469844,1
118483,670,1949172,4,19357453,71854,1
102397,848,8117423,7,22041103,0,1
53416,635,4685127,35,872881,4373504,0
212691,897,390778,16,3950888,136918,1
273949,450,470674,19,23410372,0,1
48004,664,4463962,27,922120,293235,0
215842,669,2390197,24,1481316,1829447,1
401449,400,1214085,23,1039054,367260,1
43097,773,295941,25,270660,668038,1
100548,677,469549,21,18337422,707017,1
65106,803,618162,12,2532104,757870,1
35412,663,467605,31,365379,0,1
70998,887,1659353,10,22756118,386916,1
136901,743,489765,11,1164947,0,1
70089,696,7111155,18,15850913,132463,1
35584,604,1615707,5,9462084,0,1
44316,888,334543,23,83407,0,1
68397,515,388357,8,9586309,992646,0
67173,720,4842678,35,199484,2900112,0
43304,473,3841740,33,452819,4732615,0
40840,701,4140802,16,4098446,0,0
84582,704,916124,3,819588,0,1
248925,835,5838088,25,9236021,1832616,1
48998,714,1607230,6,349108,3521516,0
439149,497,9705038,1,534633,37488,1
72228,511,8923228,32,498782,0,0
66018,502,316144,7,10738761,4790018,1
107736,575,1636947,11,2338953,953715,1
111209,781,198614,32,1862959,1378828,1
44580,865,7719914,12,13420461,102716,1
74133,565,8472227,1,4685148,3096951,0
371782,497,5365890,18,16260939,0,1
41637,542,1515479,24,5121264,170543,1
38216,702,5942588,9,11739746,1765164,1
40436,802,1390427,27,18239279,4473809,1
40734,550,286757,1,9086793,0,1
176265,873,7318459,32,7063120,192826,1
89677,827,435892,24,1027107,81121,1
223507,881,8988281,26,1335573,779758,1
37911,378,3101465,27,69451,4351057,0
416791,511,4032784,17,261199,281623,1
57204,771,485296,3,4949380,355493,1
46092,728,6092146,3,13574803,0,1
43909,849,9326197,28,4088661,930207,0
106145,767,1797826,17,1429420,13999,1
93035,586,326493,8,1687586,15506,1
171629,774,974318,29,107498,0,1
49327,878,8034186,35,9208682,79897,1
43273,740,607093,26,5617496,194825,1
86425,523,1352120,18,1398892,11291,1
121101,731,667177,33,12829829,0,1
64960,372,6538482,6,23662470,697872,1
40714,787,4744165,20,94640,165982,0
191295,504,348099,6,1996153,684603,1
35952,716,8705553,15,1782975,13164,0
37152,347,979650,31,16873661,0,1
86889,847,6320490,7,17410348,0,1
281200,722,7966621,19,1404331,480948,1
36145,848,6095245,34,13448239,1631505,1
51202,395,7174885,26,2118387,0,0
173589,730,1580588,23,4306110,442341,1
158639,457,3240931,30,553538,188350,0
173292,535,5186157,5,5355446,2196080,0
316557,769,279169,9,2579976,285674,1
110414,647,1977487,30,234800,0,1
74144,610,7324874,12,436924,186541,0
38248,788,238741,5,16511987,0,1
163593,502,225040,30,1451574,10886,1
52066,881,8007994,17,9622504,0,1
81992,643,1886865,12,15407049,0,1
231011,734,740983,27,5099484,0,1
117585,871,444392,12,1913389,975723,1
59689,704,1294837,14,225018,2711462,0
48636,466,1651852,4,9922691,0,1
57296,524,176271,30,23969288,2855124,1
61624,372,312719,2,367584,1233317,0
65056,642,4786138,11,19271621,193665,1
42167,844,790395,21,5441360,576913,1
42063,827,1180658,23,1933685,0,1
191591,624,200947,17,17362822,0,1
80366,730,1443514,17,4737749,62386,1
36564,643,935753,0,601795,36887,1
218766,669,7306525,27,9406871,4013776,1
95536,569,141933,23,9497777,2375264,1
40888,734,4942383,29,9134271,0,1
55819,609,1004359,12,1291998,0,1
70834,370,1058289,11,339350,196683,0
42905,521,666809,1,230408,0,0
43744,417,868705,9,8174646,2490682,0
70842,625,1196438,19,939820,781646,1
58311,673,9818265,4,600365,884676,0
56425,690,2027246,33,487684,2336350,0
54556,352,357297,32,6807929,1273268,0
58514,699,4548016,17,3095279,147561,0
32738,774,7577141,0,1912532,190573,0
50800,849,6706508,24,18439024,117254,1
259293,529,793814,30,7861426,1933667,1
147499,674,2800357,19,75475,368185,1
98209,416,4915003,23,7268769,0,1
106202,874,1525033,22,1987653,974792,1
103829,574,9194309,17,1347785,2913696,0
265748,555,3313275,13,2716174,149569,1
58803,524,3970980,19,20397526,0,1
79179,316,7441266,18,4318782,0,0
168523,830,1322458,9,3643731,1917765,1
207832,749,220971,22,235345,0,1
70491,607,3213453,12,400967,4013193,0
96357,558,8764838,29,9392285,186560,0
61445,552,419356,1,4365579,3065092,0
173017,777,8113556,26,238251,1594195,1
74211,649,3716614,33,13120578,900791,1
62605,475,166977,30,478999,1217614,0
56612,672,958824,31,2145110,0,1
162971,337,4909888,35,2726672,715169,1
36835,684,8063363,11,11628885,126472,1
143915,861,8534871,5,2242156,0,1
70346,684,2805894,35,3656779,690249,1
162130,607,226744,1,3330345,835123,1
290599,854,1793596,7,12412077,4319876,1
91754,754,7663796,25,3567158,139290,0
182154,407,751522,19,4908317,0,1
117634,500,8227953,11,3824525,706919,0
37005,345,1219968,35,207888,296098,0
40498,753,5994662,6,16511445,133584,1
497263,712,6830113,28,13971053,0,1
56581,567,3199559,23,18422568,0,1
100574,772,9079392,0,19361990,0,1
34012,758,325205,35,2181681,1182015,1
70328,598,9165469,16,1666083,1086468,0
175932,612,3671455,0,78298,0,0
44061,638,1014938,30,192036,0,1
70677,602,166777,0,462382,0,1
68385,745,1466448,21,1266325,0,1
36429,812,444211,28,385499,19077,1
289139,592,7512058,12,382088,114548,1
112477,853,8367450,8,4263668,4217239,0
117644,558,8916857,19,3471075,387668,0
119885,883,4399684,4,99899,0,1
41841,500,3001984,28,396371,0,0
142607,610,469526,3,9122359,30760,1
68469,754,361478,2,981374,0,1
55384,674,918800,5,22739246,0,1
108019,883,671152,5,3427857,74391,1
42459,470,3950470,3,4140011,155144,0
70593,379,4143996,25,345226,0,0
51872,626,5594138,34,215665,203043,0
169287,665,1421909,32,1289196,168581,1
185689,822,469944,18,1330230,403830,1
41132,628,4831557,11,250660,148265,0
42109,606,1382404,21,10954775,117687,1
117458,855,840515,5,162551,0,1
139555,702,7621270,29,208706,347110,1
75180,430,3193555,27,4922546,1451479,0
42048,564,1188957,8,1283181,0,1
255148,727,849829,3,1122241,70537,1
158867,606,1035893,20,1841288,0,1
47983,500,562064,35,1744969,155910,1
54303,617,493682,18,56876,547051,1
293459,310,6913162,23,4703718,93222,1
59733,539,1111482,33,210163,510550,0
222342,390,6421659,21,5769703,3311136,0
33099,787,1855795,20,1480733,60689,1
87371,844,5218601,26,18469995,0,1
30261,830,8641695,7,20718036,2769945,1
46490,849,758323,21,1744622,1388517,1
168935,879,7954307,18,6135304,142316,1
157388,725,1285880,34,1223711,128742,1
131042,707,4326879,34,8992152,70182,1
237853,675,1405543,32,1223830,180605,1
79081,776,215925,32,15989515,153418,1
98734,620,1882709,11,17722624,133750,1
44438,603,9016308,32,3899428,0,0
187892,775,5180136,3,13527014,0,1
221697,697,3572378,13,479968,0,1
131089,680,901670,26,3252246,575225,1
111555,803,2349500,24,1601609,1033133,1
34696,658,464540,32,2811984,0,1
164720,782,6127362,1,3870943,729647,1
42737,792,1695702,24,5282006,673941,1
30990,600,501063,18,687721,41363,1
79095,719,7671455,18,20714882,149498,1
169665,728,6728880,0,5339265,135250,1
184090,659,225911,32,169052,1472693,1
69035,380,3450882,23,1236079,167758,0
54766,394,9812166,34,3377462,93223,0
250597,503,3624731,24,1308844,0,0
265047,642,3855842,34,337630,1560823,1
94120,541,253826,17,105475,0,0
51440,803,1017912,18,737529,609407,1
30884,421,4018086,3,4294397,779377,0
243627,545,1944994,9,457269,1814924,0
68475,690,1378848,26,680678,119576,1
226626,519,564217,29,7741823,0,1
174236,470,1086957,31,24608254,0,1
281282,739,1880319,33,24373350,76635,1
166042,780,414622,27,13675156,0,1
41412,883,5980668,8,16391365,0,1
241343,756,1513845,0,4334502,120953,1
119672,475,7776689,23,2779742,0,0
36065,807,3876875,10,1146708,174606,0
30651,786,6903744,26,8131719,1691076,0
75757,439,6555057,30,1156491,98496,0
40116,815,429378,1,4015629,2437645,1
78786,749,1270646,15,2697236,0,1
447529,889,8048780,1,656698,0,1
76910,636,6682131,19,4658525,30781,0
102571,854,5362347,21,299510,181221,1
78811,618,9911741,7,5136518,1417887,0
56794,586,7481546,24,400356,1515883,0
147067,539,6521250,3,465922,181263,0
131894,677,690792,13,451629,1563416,1
103100,597,7694505,24,5870232,148229,0
96460,649,1703573,2,4660210,81419,1
102124,609,3136807,17,195096,1082297,1
76636,791,7318159,20,1022011,3867667,0
156142,718,7107580,8,1950233,261379,1
74623,613,4130568,20,570537,40707,1
32044,804,2592263,8,135399,575860,0
192267,630,6022815,11,8391507,123965,1
114305,755,8535133,20,244057,38414,0
76256,585,5654168,0,1307641,19287,0
112692,638,8266559,2,2216020,1017830,0
44982,604,3137308,5,4617752,0,0
289995,639,8557061,17,467513,20833,1
87583,696,6990699,23,933710,237124,0
131387,761,2082276,21,1259822,331025,1
47679,626,1919994,7,1739280,27020,1
148391,741,1432429,11,4076872,246345,1
93379,588,2719943,35,13721685,91619,1
39862,800,105408,23,1581797,930898,1
30785,660,706006,2,227322,756736,0
97904,822,163439,5,24475625,0,1
130125,829,3543300,0,245994,1671391,0
100176,770,4574468,4,713322,212843,1
61606,531,4012257,9,1190712,975123,0
179357,619,8039798,20,368902,684859,1
34868,572,4214857,27,1729734,2267972,0
98733,611,8849223,27,69797,1600107,0
107888,845,6938675,7,2921786,0,0
181133,653,9370660,32,23023948,0,1
42397,536,3816004,35,3160062,139006,0
233031,670,8372052,6,185483,0,1
115583,469,361724,10,874119,207144,1
167322,595,8910189,9,130406,593151,1
50610,543,2490097,33,183047,2705861,0
87994,318,5074846,35,8128947,632567,0
84125,857,6130269,25,9231658,3107075,0
34848,585,4187043,2,621110,526197,0
34308,637,171029,15,4793797,0,1
195522,652,2218103,31,1941873,0,1
78696,810,8194521,14,15175199,102234,1
45421,548,1929737,22,791833,106153,0
84282,710,262872,5,669097,181517,1
65224,661,357364,32,3997869,1801281,1
104196,662,8684427,18,4423901,786425,0
290458,430,6765653,15,4666312,1640932,1
416547,581,5725905,21,724372,1485949,1
47009,869,3912603,1,3968993,407746,0
102872,579,608760,24,194973,1365411,0
74628,495,6835819,34,1269498,1203763,0
35003,542,3307082,28,5116466,587342,0
33644,548,1972561,1,182340,0,0
190294,627,197337,5,317120,48691,1
38046,735,1873721,6,4835258,74567,1
61089,468,1005707,30,13237143,4553995,1
160335,773,1959688,29,1363118,0,1
67692,327,326428,25,3363184,42351,1
125486,679,6138292,9,1213682,104854,1
155117,631,3509518,3,167478,1944022,0
132588,779,106983,17,95553,90145,1
38969,667,323239,34,2589070,141621,1
263926,352,212390,21,2628403,50349,1
137560,329,1042144,30,10265132,0,1
140371,317,327698,10,6181636,0,1
62197,596,6235808,30,232965,0,0
114983,715,160645,26,8754708,764714,1
114360,613,857184,5,1935226,164220,1
144435,689,6704856,35,330346,0,1
96688,881,355448,29,718712,173514,1
138793,703,411692,24,138110,0,1
412593,631,2703230,9,963221,159191,1
41860,550,9357828,24,1832196,0,0
39907,716,5133736,32,3568839,770438,0
79885,346,1451356,11,6273689,0,1
31477,785,1777084,13,20102423,581197,1
46441,820,3153518,24,9569072,3483459,0
65867,845,159521,19,16746996,3938325,1
53844,802,2068813,12,4819849,1758980,1
110907,613,478447,34,5558979,0,1
53828,543,4404516,24,344911,0,0
70307,747,4834170,20,58122,1753892,0
75474,758,1220640,10,153704,0,1
157280,814,1941581,23,5417695,176289,1
98124,637,962200,34,1991887,91873,1
119211,418,3664743,34,19953668,3789335,1
33631,701,1924126,0,585207,0,0
43219,355,2318910,19,2540973,0,1
149331,808,3366434,21,410103,638988,1
154903,404,1727127,13,1172917,2919469,0
34622,804,157298,29,23453984,1358357,1
158908,748,2828515,24,1582864,100618,1
44312,739,8484428,25,2142032,364256,0
264964,324,4645120,20,6317069,64813,1
63591,781,1243710,1,4624037,4799409,1
40834,742,5575664,16,1090843,0,0
66466,480,1706074,4,7994444,0,1
76591,837,1075692,22,680194,326928,1
62007,722,347395,18,914973,18241,1
177907,682,9252141,20,4967100,144930,1
66317,580,1725309,32,359318,3260334,0
34377,659,314578,22,15210609,1460847,1
272861,679,278302,19,22580869,1325687,1
48282,651,3674671,14,22837777,173668,1
69815,459,403411,7,370697,0,1
217724,756,980454,11,3522258,0,1
96329,746,2206154,33,150917,0,1
67319,785,2098457,3,1393102,184599,1
46884,525,9629384,3,7756283,136158,0
373890,694,829466,11,1967454,1650505,1
65766,799,5086899,13,468168,1637230,0
91988,703,288080,15,1017386,3735948,1
118484,652,184114,3,16414714,1526570,1
62463,524,441264,29,13846895,93655,1
316285,676,6780713,23,5287757,31760,1
67550,542,311842,18,7414645,2287519,0
116808,761,725074,13,457855,474836,1
118956,420,1489870,28,2211310,0,1
105960,763,112424,4,1352984,0,1
156489,772,2940484,26,198848,193722,1
45812,874,2803539,16,165166,0,0
33902,541,3147222,18,23326945,39512,1
96855,788,567148,4,369881,0,1
50929,720,1111523,21,1197333,1108706,1
100976,643,3802893,18,947126,59732,1
279679,528,874421,31,254638,1022076,0
71845,684,629089,4,3813161,60387,1
65335,548,1255534,15,403160,0,0
53930,354,1279331,8,2000166,387045,1
107168,897,1879202,7,3048826,1274661,1
31667,586,2291528,18,6344202,531234,0
227793,788,886455,16,104137,0,1
97811,728,6921360,18,21096139,0,1
57859,822,318692,1,498712,3070316,1
182645,836,3006100,8,2240429,4727565,1
68439,527,7689854,26,4252999,0,0
294612,512,6209699,33,3630498,557033,1
91938,761,4241859,5,3775508,0,1
45891,465,3472343,33,19200584,485930,1
383937,702,3134713,10,1418227,508996,1
168862,541,1353642,11,14262603,32476,1
263002,889,5794178,3,3931972,1120810,1
33935,634,1195509,16,1718703,194410,1
101061,794,4650064,20,2036644,0,1
39195,391,6697551,11,16027952,3513809,1
239228,683,1805784,4,179904,0,1
41219,619,8642670,8,2388072,0,0
101628,793,3987610,17,11531568,3186842,1
80375,801,476579,35,7561296,3464514,1
108032,784,120595,20,58597,292331,1
41997,647,8349319,22,588138,125930,0
426224,618,8617697,20,1389008,1801417,1
70180,769,7858354,11,17172482,730117,1
83273,596,1149948,13,19422831,0,1
31274,565,8998010,32,378368,751895,0
83838,803,1915364,17,1788370,470088,1
33732,502,280656,19,422369,459568,0
37759,514,8826076,20,437324,0,0
49992,676,1611253,3,3767976,257822,1
95060,329,751356,20,402616,0,1
34572,723,4930293,13,5036953,137060,1
38266,602,3997723,14,2643753,0,0
35548,461,4103022,19,2877101,0,0
30462,817,6673094,23,5336626,237062,0
227900,518,454213,14,228333,0,1
57449,865,1399080,8,1034763,3097977,1
59231,725,761233,19,12627409,210864,1
129232,691,1672774,34,800105,0,1
115999,856,6337209,9,2655078,119169,1
50297,629,5010106,35,749236,3645628,0
77742,684,3362099,9,9539651,1290837,1
61308,548,1071613,14,508889,1645622,0
138078,633,240548,24,17232219,518627,1
88798,541,4689934,27,1863690,153825,0
38045,814,214434,8,4937745,0,1
43757,573,1099166,12,13686921,346559,1
110577,776,723125,22,9847151,519146,1
31693,578,294676,15,13780460,0,1
48913,621,5436492,32,2880551,46402,0
30679,750,7972597,9,3980910,0,0
46314,826,3485210,18,397826,0,0
98703,587,512423,7,4232881,434435,1
71001,607,1780572,11,4466920,1538580,1
100890,673,765034,4,377262,1867078,1
56460,735,1186660,22,5683529,576696,1
60013,811,1749241,1,7599365,540146,1
114086,522,5035226,16,190233,762585,0
73701,825,5024238,18,11272683,405196,1
41762,802,9794714,2,19589497,1018368,1
126509,644,3899648,10,6064090,0,1
49114,776,3119161,34,7819909,0,1
67102,721,1156321,29,13840208,1833539,1
39308,896,733155,35,107204,29476,1
425719,830,7719531,30,219012,0,1
73562,516,200925,0,5614367,773857,0
44747,687,9378872,13,4566714,4242076,0
74813,682,3389902,29,717626,0,1
115221,677,5654773,4,93274,1744709,1
195167,854,533790,33,10538251,0,1
157660,695,1391925,19,24804961,687730,1
117752,743,1748732,7,8430107,752602,1
157451,891,6170503,32,17194880,1215332,1
438789,753,5204587,13,169715,0,1
178471,886,4127201,23,335011,3330161,1
103507,786,432808,16,489450,0,1
64669,396,5742685,23,4302123,693330,0
78760,734,180623,34,2057515,302238,1
34664,802,351319,26,259396,28383,1
37706,787,7308194,13,971286,2361009,0
71894,534,5744929,17,1699892,3800619,0
44278,733,8148116,9,455812,0,0
35108,603,1964585,10,172151,20348,1
30206,664,472078,18,5677544,93439,1
60090,545,6642049,5,4139202,27168,0
314191,848,849754,33,4497269,4989429,1
374187,687,6025857,4,12354604,360394,1
42080,628,1938673,1,1120397,51400,1
67354,795,1186463,32,8489427,394529,1
93570,769,7423139,25,295614,842138,0
97482,741,7331315,16,1264621,14710,0
39092,570,1544218,27,1413133,436620,1
136758,508,6293886,1,1907284,63359,0
41587,882,337129,31,4625047,2944144,1
40439,731,3771365,32,727372,0,0
260422,405,2289381,17,4392819,134624,1
47142,869,5181797,17,176455,1601163,0
30678,643,337819,8,7547000,0,1
70849,373,3832974,9,12009254,2028734,1
65849,809,9409189,3,1030679,0,0
30823,621,1136456,11,493085,0,1
78074,794,3072177,18,10549956,0,1
32071,805,1580090,16,23373067,0,1
55623,385,2935167,5,7037872,159757,1
47642,867,318560,9,3267216,349596,1
191988,683,8560772,4,2330226,58844,1
99387,719,6132452,10,21374847,1053338,1
72986,690,1053203,22,1001235,0,1
114750,611,1460662,10,24936564,999422,1
86749,352,5386318,6,1105928,756058,0
37736,884,3310346,33,4439449,111156,1
31315,349,331494,28,499300,169904,1
78817,779,9421609,3,337494,341541,0
37165,506,519421,25,2194746,0,1
189473,568,4557925,17,231753,0,1
65640,537,1276469,35,414311,0,0
60300,535,2919285,34,310743,619039,0
62052,633,551655,25,3339814,526404,1
37681,869,2395363,16,393419,205006,0
155890,756,4603512,13,119632,86812,1
31682,525,1959236,24,9094653,0,0
70814,644,5878428,26,1231289,839403,0
109980,859,2723462,22,21265262,2760816,1
39776,786,1264260,35,3643276,192755,1
30123,630,7779500,14,125183,0,0
194805,611,1822079,10,4298196,4974502,1
75785,794,894076,17,170476,0,1
90933,778,4246823,27,400998,1024416,1
73192,850,2385949,30,324146,140205,1
71897,578,3921037,3,535745,185386,1
112625,569,5607978,22,11849685,48860,1
39780,636,4268830,0,331826,708927,0
65362,673,6160504,25,3723806,611597,0
73304,836,7409488,28,787787,4531721,0
31910,668,9411528,7,496575,606293,0
239590,873,2050385,17,16588062,2233121,1
185860,878,103203,11,1186132,0,1
94025,577,7698184,9,2264415,391719,0
143744,677,1448873,33,487698,4084040,0
105386,831,3375645,6,231544,0,1
76615,583,1758956,26,88466,1717963,0
71645,747,2607735,28,1234402,4079935,0
35108,701,345705,17,1217450,41537,1
30608,727,9509342,34,3745347,0,0
34853,682,1402088,25,3490596,48098,1
45866,310,140411,2,21190711,754056,1
43164,533,8191087,19,3970992,1442264,0
116966,698,1792588,5,1790165,588437,1
74059,528,367168,14,743319,1773590,0
195996,308,8249661,3,1540883,0,0
101569,526,7066643,17,4312508,1115143,0
60047,742,3367653,31,23298277,3569037,1
95975,435,4141807,15,113183,0,0
31181,892,6642469,31,5084451,930634,0
44507,550,275665,24,1120065,0,1
85926,863,6889156,3,1213667,177415,0
108864,601,8158481,5,1019059,78942,0
37265,779,2969594,25,6381173,3994858,0
179752,759,411702,11,2362979,709385,1
447494,623,8821565,9,368258,68665,1
35122,543,293818,15,6872802,0,1
96981,544,4457746,8,11354039,2951985,1
73448,723,3690235,11,195944,104971,1
211969,763,193602,35,5949212,0,1
74634,694,2615263,9,2506214,642999,1
55790,339,223748,28,665290,68770,1
36378,599,6333380,10,719734,162738,0
82165,397,6968354,5,1192147,486107,0
37842,822,9329629,12,3848304,0,0
82373,514,4958420,17,19283255,40480,1
35240,567,1058368,26,19354846,2081571,1
72410,507,139346,14,3780528,3032816,0
47531,432,4467501,14,148482,0,0
111936,720,2590893,32,190842,2408275,1
83018,391,172891,17,2306671,120133,1
38635,392,272825,19,990810,0,1
71140,617,448806,3,86154,1336376,0
214568,722,329671,25,21341267,0,1
254807,628,8354276,16,6187105,1029126,1
31871,714,771468,32,220343,206238,1
67422,607,494894,12,23910014,101141,1
82868,701,2849947,34,9044201,0,1
62066,623,1954047,3,880261,0,1
61374,788,7668533,12,1917585,41926,0
126052,621,9496522,8,293851,2041161,0
158620,594,865730,20,2805861,0,1
221569,859,4922529,3,15874036,1923176,1
82237,693,1649629,25,3910011,0,1
178351,615,407284,11,11235763,2628166,1
93940,793,3928297,21,57060,93325,1
59780,693,2308809,14,591831,0,1
117966,761,999163,3,22914030,1036602,1
31021,654,1485527,0,4710782,556845,1
69064,541,8481580,5,1630551,260894,0
75006,648,2028902,8,1756400,28005,1
117143,564,1874654,1,174009,0,1
88003,853,3972168,1,1073571,1328260,1
63864,519,7328042,3,3908075,37442,0
72087,815,145464,31,296474,1815307,1
48285,532,3883130,33,5100631,0,0
242726,744,1972070,11,1188621,3972112,1
168679,471,1956757,16,20984595,452693,1
53185,698,407040,1,24245397,0,1
118471,729,5689619,16,1824638,0,1
77196,642,5502979,1,1540214,0,0
66264,684,6211825,3,1376316,0,0
220248,470,2636856,8,8940658,83287,1
47229,803,9424876,10,670893,593654,0
76027,600,1757246,6,1990172,0,1
60276,651,428259,17,1732818,245789,1
51295,548,279007,0,2259823,1262361,0
72977,623,853769,16,5285416,0,1
50606,628,3779325,7,1640627,94745,0
249449,849,6238466,22,16191300,186266,1
33659,564,2722288,27,4657286,34100,0
42789,474,4421875,14,1331644,4588600,0
153488,792,5013708,22,22932944,419371,1
30042,344,840488,4,7101663,112293,1
243245,868,2564059,21,3604095,777661,1
45980,575,2688935,32,13458674,0,1
38946,849,3183783,9,228845,23292,0
148987,524,8915938,15,3310341,448891,0
240761,797,1791789,28,168298,104274,1
37885,751,7159282,14,838482,193126,0
84220,766,3927828,34,106693,1376014,1
54887,678,8435091,14,273635,99336,0
146581,704,125032,34,22741263,0,1
180436,755,8538027,32,2539540,0,1
92623,819,6295151,31,1714070,1752923,0
135539,750,1305770,2,15210585,0,1
42667,664,139284,22,7639164,635682,1
40482,669,461799,14,1315006,157858,1
52079,621,299610,34,2856297,0,1
186596,412,6638444,14,88020,12960,0
92799,374,3588160,25,53549,663390,0
58754,350,3826128,3,10882448,0,1
67185,793,178334,17,2805375,0,1
31929,409,3907947,35,285130,0,0
31880,844,1627211,6,3073087,965061,1
494658,674,1367670,6,2913458,170886,1
102102,648,8345676,22,1089329,525913,0
37144,622,3334792,31,120711,0,0
96768,608,4166311,18,376325,53072,1
76169,655,1285736,29,1907960,97488,1
499157,885,162024,21,407696,86349,1
163265,574,9089931,27,468056,422533,1
190619,845,7049340,19,5141808,0,1
70063,569,1823923,24,538305,3826115,0
76296,791,1603779,2,5549329,107097,1
40795,503,6592672,18,2034104,135776,0
129718,371,9594633,16,389896,0,0
155317,489,188122,25,4740471,1517571,1
73274,683,217250,23,2183299,3380462,1
175804,601,2196495,15,9279953,1192947,1
96114,859,4131115,6,21707908,176149,1
367789,755,4693480,2,663659,123430,1
75178,402,1927630,23,2536333,0,1
43167,572,423661,35,153929,135107,1
42723,435,378385,18,3887515,184688,1
207676,751,1712449,16,2849296,1295805,1
154036,847,279856,20,7666960,728115,1
54754,693,3821682,21,2821119,82421,0
81493,611,2999346,6,7869397,0,1
188146,390,1150746,31,20042606,774162,1
33099,532,9192813,34,1469191,135108,0
42613,675,2686010,14,2958757,184026,1
54365,721,9669788,10,7633554,295710,0
57890,679,264356,4,363793,0,1
35023,855,5176626,33,143226,1832132,0
278147,794,1790693,29,2026836,0,1
60234,533,2312137,29,7929089,240058,1
82429,568,6056480,31,5601873,222516,0
146423,678,3077010,13,394840,0,1
127965,788,7226389,33,689733,0,1
63185,670,1697399,22,188181,163608,1
231262,332,4815677,16,2231606,1509342,0
78258,584,3832408,14,1506538,0,1
54963,609,4332690,5,1077165,133316,0
33625,450,1716634,11,957982,0,0
76210,802,4092451,5,1928867,423989,1
53781,583,1763449,1,7124924,37100,1
41786,738,1817642,12,5838890,0,1
119094,780,221751,1,2217095,0,1
58838,572,854341,28,684920,931077,1
44747,625,5058444,20,311395,72197,0
58738,489,8745807,15,3843488,81369,0
266073,693,4412986,32,519914,0,1
90534,640,4462728,20,3133992,1628599,1
256275,351,7102548,12,836975,2174481,0
33480,437,3451201,14,490849,45897,0
174364,500,390472,17,15699969,0,1
37532,761,4885714,34,167450,774429,0
46432,728,4603006,11,22592191,0,1
66443,538,7196110,26,795365,1480920,0
39491,895,3146763,1,1266510,63001,0
68660,867,1793127,16,108614,93815,1
213885,715,4812217,35,21163961,0,1
459635,548,270042,30,431435,155373,1
