income,credit_score,loan_amount,job_experience,assets_value,existing_loan_amount,approval
138382,845,8952308,20,14336312,2723960,1
197199,576,2275844,17,364958,230421,1
132751,536,3058646,20,11967206,4031461,1
257050,691,3341835,21,10706262,4132021,1
82191,306,7807173,34,17826189,2902065,1
203833,899,8100280,7,22860965,711848,1
51232,892,8834852,16,6159996,2540684,0
284305,304,4755262,26,23024699,572323,1
183931,633,1202502,34,11077981,3175100,1
83325,532,1586380,7,21090639,4752669,1
38600,800,5810920,2,22927700,4076266,1
122528,699,5805196,21,9764380,4388865,1
43711,496,5527382,33,98927,4082717,0
140234,365,9152205,33,13427384,711953,1
97730,451,4235055,14,8304931,2772528,0
262049,384,8573121,1,22752137,1408117,1
85767,686,7721206,21,22848150,1231529,1
37044,523,5157856,6,2219854,1023194,0
263253,599,6785384,0,23006692,2199552,1
121288,480,5168777,21,16987403,3619554,1
253242,597,9263283,32,4625458,4481587,0
288979,815,4481068,28,17804443,733686,1
47100,827,1310739,3,18394297,2298194,1
227384,615,7910208,6,21947435,2547490,1
45835,868,7561833,23,7913556,3628378,0
78638,882,1956310,14,3864967,3922425,1
65537,621,6510269,27,23421354,4506188,1
48905,860,6010538,8,163387,2739729,0
283319,635,6959712,27,24130723,3074084,1
225321,792,3611051,27,7189160,4729285,1
94781,421,8823933,6,15841780,4942481,1
190693,370,3355906,24,22718401,3106174,1
60829,370,3439718,5,14645811,4034237,1
290175,784,1298695,21,14705564,243611,1
40885,449,3279328,13,24116522,2236653,1
80911,799,4557357,5,2649930,3954869,1
165008,406,8867028,26,5470768,2232636,0
248552,470,9485763,28,20985152,1341965,1
76533,639,2426309,2,17982456,2227681,1
198422,852,7538191,33,24396642,645175,1
57765,556,165522,13,9423963,4993255,1
143234,805,3728644,23,20943968,2396883,1
257199,399,2179921,14,622070,1894464,0
175028,676,5223010,30,3634342,3725142,1
227589,320,3963479,6,1891455,3710769,0
241674,873,2334324,20,14023877,67373,1
283784,796,8083660,30,16670925,3007905,1
77633,707,7798016,34,15800127,525679,1
128292,632,9361001,32,6538404,3055063,0
227251,721,8843058,9,5754001,4768987,1
227147,566,493063,31,6963574,1670547,1
133280,762,3042999,14,840828,1794074,1
155105,353,7639228,3,7082226,3746419,0
63470,583,6854402,35,19033586,1451001,1
150341,812,9541783,6,7056429,2006541,0
288179,433,2405655,33,20928386,4719292,1
62230,430,2976371,28,12910350,2080231,1
274437,308,5122184,4,1673764,2431352,0
188960,615,2624477,35,19224005,660458,1
298282,539,1884593,29,23140760,4096007,1
94598,655,7289223,12,11880802,4749515,1
165416,624,392795,21,17614882,1986741,1
67418,402,8322750,30,20214768,2609209,1
241213,385,6388627,7,6081633,313663,1
294110,588,9169550,17,13384089,4105379,1
295363,304,8280737,23,12821512,1558711,1
105571,480,5467117,32,9702320,633099,1
169144,669,435450,17,8920985,2093084,1
209788,879,4511417,16,8544285,96597,1
166188,379,1770811,21,11615025,2996128,1
210067,708,1014884,14,484909,2662131,1
153859,544,5593425,24,19812450,1803190,1
258706,776,9327657,1,62085,1656804,1
97375,350,202962,23,23084622,4026066,1
90712,788,273837,31,19431145,2507694,1
185439,648,8143527,29,16054194,3267401,1
168143,775,2464976,8,9155558,4899182,1
193728,498,627028,23,2874586,4938303,0
198897,392,9258040,31,3429305,149468,0
278547,301,3382041,15,9188707,1365029,1
76421,748,3386183,24,3122124,867617,1
113664,663,5911036,7,17201664,135779,1
238965,873,5351399,17,8229763,1514328,1
197436,560,3793020,2,17237329,201731,1
225888,845,3699763,17,16532907,210854,1
150740,824,7657380,3,18644221,4832890,1
51620,899,546112,16,10678584,4196758,1
109140,723,3632159,10,5674584,602739,1
44159,675,7317548,15,10668219,129541,1
67939,849,8517704,28,15284713,1914269,1
266596,900,9721299,11,10897015,2061248,1
210338,432,5060185,28,958558,3890588,0
284652,686,9454309,10,23666877,4206494,1
223278,823,5155973,21,828249,1116267,1
148078,322,2154141,32,3346445,3131025,0
139575,818,1356422,19,14249709,2041948,1
211267,788,8493951,34,17373852,4438737,1
163784,808,827191,15,14585211,4523080,1
148030,356,400806,4,13703918,4152955,1
116965,399,3980198,10,5613400,4501009,0
91580,700,232007,15,13578127,3547085,1
104381,564,2842523,33,22773439,4175776,1
31548,852,5161711,14,8284607,2971952,0
267083,896,5013280,23,23667444,57023,1
222867,841,1368930,3,5199914,1292770,1
102696,401,1849736,21,4499407,2868435,0
181500,732,9976125,6,11899389,1858723,1
220430,380,9787620,33,21951741,1147471,1
56851,334,3855209,2,20993601,2861639,1
44615,455,2569488,26,11792449,2370745,1
72421,685,3087036,35,11414420,2231541,1
259078,880,7437005,0,3614948,3063230,1
49293,853,7157936,13,24970693,3240169,1
267043,349,187138,26,24050663,2548926,1
97818,363,5250088,23,5586928,1516516,0
220352,710,1143420,27,18333769,156232,1
159559,474,8370018,23,17246437,2683448,1
52005,874,4786103,5,17274675,1719155,1
297561,422,1363574,12,2465084,3956094,0
123118,340,9302043,17,14657623,2367671,1
141662,894,783889,12,19449881,2321264,1
285047,571,7732549,17,21242322,977147,1
82276,711,9306277,30,15622042,3596955,1
265130,507,9765164,12,19184950,279797,1
60640,727,3386550,18,4908221,333767,1
50934,509,3845967,6,22891508,3532102,1
136763,363,7555555,34,2741106,3181069,0
277606,435,6654819,17,19652427,3965661,1
214122,562,4906776,21,11479121,1757953,1
298526,788,170042,9,3699924,4503233,1
232664,314,3555507,23,14561486,4670237,1
121408,653,8845948,16,8766297,4184554,0
94699,497,8386883,16,11298761,4676474,1
81951,851,3717686,31,8910128,2835587,1
149521,429,8603550,5,1477024,1097982,0
114471,762,811881,20,11741211,3452730,1
207564,505,3774925,33,15807198,4728884,1
110287,866,1777996,3,2502031,2954827,1
276407,523,7920729,25,3537963,4521244,0
235579,857,394020,33,12694750,1363886,1
39235,709,9154195,8,20324156,4607461,1
127313,390,384900,20,18556090,1979198,1
52321,818,1957241,27,10424048,4489820,1
52908,571,8584961,29,4645537,4051123,0
213905,449,3540648,28,9686409,595521,1
47093,703,1024423,3,6481927,570908,1
30462,829,5362451,8,23976196,812899,1
169540,890,6664800,20,11002245,2133855,1
130284,508,5967126,19,7620037,4325371,0
263875,375,2012343,1,14550015,2778814,1
266814,709,3815243,21,15763376,2173968,1
159755,485,9271262,1,5497051,972427,0
91785,315,9009876,27,21240604,2125087,1
67410,663,4384904,12,7298091,1573866,0
135386,361,5697116,4,5572785,3314287,0
143730,310,3391399,7,20142977,4549816,1
118675,771,4418366,7,12137614,2780123,1
251387,496,8951322,22,12916985,1968923,1
113424,491,4141775,6,336910,8326,0
280743,547,4748979,8,16186825,1322893,1
47301,840,859023,15,14263509,1167037,1
297777,441,2918275,15,17588874,2715588,1
56525,650,7989713,30,824292,2780321,0
283965,779,2294953,17,19734767,2264155,1
56269,462,8619463,31,24698411,4750026,1
118313,521,854404,30,11278840,1175104,1
153970,630,7843822,13,8041292,2506849,1
196289,757,2135982,11,24561946,4480911,1
75424,819,261619,35,20792644,2160904,1
192779,431,360019,21,22187631,2083313,1
74903,552,7800645,26,24597951,743992,1
101249,750,3754122,10,16192090,796385,1
231246,561,6866195,1,11521995,4530793,1
88228,796,1576187,8,118284,4192782,1
259855,396,8822733,18,18918698,486786,1
30931,442,7491959,10,9260783,1644497,0
247625,888,6529951,29,3231764,3319591,1
259928,697,5404406,7,11045597,1335293,1
121163,872,2334341,23,19231172,3540501,1
112954,853,3994390,29,11882021,2209983,1
171061,558,5746099,6,9559795,3275653,1
194005,573,6731214,23,4535167,4280505,1
213532,466,4465155,12,15720582,1236339,1
234677,679,9017895,8,16677773,1341479,1
230723,786,4950833,30,7347324,4902692,1
257496,314,1145726,15,3884306,1078545,1
214630,640,4170626,17,6293003,2010570,1
262933,839,5307993,18,4581251,597932,1
153425,628,7714904,0,22027101,1280152,1
152409,633,9114025,26,13184181,108244,1
238199,580,5896744,34,19767196,518128,1
147649,347,390544,10,3856289,1609491,1
160135,586,6751060,9,23209950,2553740,1
147847,667,4993023,11,21937010,2572316,1
154445,865,7279749,32,7991910,560344,1
172917,400,747520,2,3379638,1924263,1
136495,426,7669867,26,12683955,49161,1
128683,665,7881825,14,16212157,2073660,1
39171,893,8819801,2,83012,3864608,0
193408,652,5070855,1,12348193,3897048,1
163492,812,7350658,16,2672469,1828543,1
174584,499,2645006,14,15050633,3683780,1
185281,510,6740466,7,22281899,1429678,1
289753,677,4652764,7,5050251,3395843,1
57006,495,5463676,2,7729956,4337918,0
273671,809,7795451,29,13935529,4526480,1
276383,456,882325,1,23868392,617317,1
247599,519,9234216,0,20663393,1031042,1
238180,726,8676353,10,20652821,2996790,1
228491,329,7994691,22,22958715,930327,1
278301,477,730327,7,19145112,4537850,1
208536,869,1321525,4,6820766,3795806,1
233328,550,1394835,15,19627759,3101995,1
229548,726,950616,14,5222876,4627990,1
226642,607,2696391,25,23744617,2759958,1
240530,373,8247999,0,14307722,3375579,1
254868,507,4650202,12,19501578,3330535,1
132725,511,6406492,24,7131158,4876430,0
76586,855,1617733,20,16732454,4314633,1
219257,391,6215305,25,1993290,2957619,0
155878,824,9938984,25,441548,2340944,0
171487,739,3992992,3,15391173,3631243,1
221455,703,2985015,25,511435,3960154,1
280754,376,3279139,0,1347860,197536,0
38254,685,3993855,31,1981750,1589642,0
98468,812,445906,22,7723536,4848153,1
259774,644,745488,29,17048576,4847623,1
179479,589,9386203,35,183652,1716430,0
65080,808,4433248,35,10913767,2693647,1
202830,347,6777832,30,22990498,683956,1
67455,566,7764641,7,24953296,4620278,1
156704,592,2675058,34,13476989,2898293,1
156465,415,8608745,4,737222,3441470,0
99713,576,120140,24,795311,2990815,1
212869,716,5909276,29,10597166,939803,1
100219,875,3646157,31,3600592,937867,1
163786,470,155499,6,19003653,3021897,1
56044,665,2041765,34,19054856,3964602,1
244790,793,9249862,3,16173958,4667072,1
206762,794,6594686,22,16637204,2895768,1
197791,894,4423092,35,2259632,3918994,1
276313,726,5564734,17,23877538,1772670,1
157430,361,2501857,32,24867524,4963921,1
116471,321,2563368,28,12678809,2621031,1
106597,548,357516,33,9628549,4089748,0
229750,464,6539837,28,9438828,1448851,1
282328,881,3715759,19,6043929,22209,1
179086,672,130594,24,13688203,3259988,1
105502,324,6527573,8,15462832,2704127,1
260989,442,3640748,12,23217988,4339811,1
217349,818,9126102,23,21542878,2062618,1
192529,460,3951396,17,12230471,4166306,1
295434,667,7496114,18,10571886,1932624,1
230153,721,2458460,35,14866878,555274,1
121123,822,7258285,35,17151111,2898898,1
111848,363,6828027,23,13979509,4202248,1
87331,559,5250194,7,23212001,727789,1
286409,850,413434,32,21887272,2344669,1
77331,876,2477185,6,24933268,2889082,1
221359,433,3860032,19,16914448,933102,1
89055,663,1868067,30,12888715,4522888,1
120989,618,6445597,10,19230432,2749217,1
133286,598,1715407,6,1414164,4867744,0
94177,369,6722675,0,21858844,1844034,1
185884,682,5608532,5,24391084,4654241,1
160210,441,1874158,7,2134256,516667,1
127407,379,8265333,35,14958959,3996167,1
156721,357,2519437,7,10304554,2531366,1
150763,829,2188101,31,3608772,1503887,1
201930,443,6189908,23,23359251,2250625,1
182801,821,9009647,10,13101801,2465583,1
218085,465,6450828,8,5049346,4361342,0
253800,437,8887266,21,5941192,1261256,1
128067,374,5000725,22,477788,790056,0
133354,786,8339592,12,535295,3744548,0
228465,474,911878,14,5233024,3297509,0
176806,763,1032613,13,16723916,3128463,1
165249,587,6400595,2,12068258,1275545,1
211741,858,459835,27,23700353,3738738,1
270176,354,379860,1,4255567,2267558,0
198709,310,500191,10,6581465,581020,1
46261,368,9756148,11,7309375,2060726,0
203783,731,2556643,7,7249539,3521265,1
106962,579,1090690,11,23158777,134398,1
183825,565,8663451,27,2361779,2758657,0
83449,480,4719237,33,17862936,3998666,1
283746,367,7947440,31,8131538,92507,1
44717,453,1297181,11,5087615,131383,1
180471,855,6886207,21,1506996,4152637,1
164696,672,2006154,4,18450256,676633,1
74702,409,2642428,29,17274035,421261,1
93074,514,992246,35,24619497,3495294,1
298917,395,4762869,12,12526578,342378,1
179545,466,8687760,9,6348765,4985876,0
88304,763,3331317,1,21245159,2585253,1
272589,326,8964520,9,6237356,3766694,0
208881,439,6722737,33,16738827,3828930,1
291088,455,8712900,11,16046621,4689909,1
277705,841,3227394,28,13707682,1364482,1
226707,562,4037848,2,22106746,3362157,1
59371,403,4589162,33,4131399,3274138,0
71190,313,2137304,28,13582155,3544181,1
134636,560,1550709,11,10705167,1333534,1
122417,543,9450922,20,13233806,1825442,1
107153,733,8819586,28,3526018,2782663,0
128072,685,2186449,26,10892899,2184154,1
230276,570,7489664,7,22323171,1095505,1
141181,893,4964041,15,18985985,2069521,1
270927,624,5511814,34,22649446,3446688,1
141040,618,7159165,20,12480779,2992449,1
33083,680,7162643,31,8084287,1147834,0
170570,474,1069318,0,7500579,2241132,0
168590,678,6565353,34,14459759,1489276,1
86146,645,3787639,31,21171891,2389766,1
206930,787,8208355,9,20695945,1844008,1
297267,662,3255438,25,6926420,10808,1
164520,338,938910,20,12978002,1064011,1
256130,698,8375588,11,21857807,3586733,1
94381,577,3938841,13,13584312,3836281,1
245227,762,1758551,9,7021987,3669434,1
170632,883,1859176,8,17554667,1501693,1
263738,307,2640991,20,12560030,2937807,1
43331,649,8824306,35,18089888,193109,1
259372,350,5642908,25,13255769,4705248,1
110615,896,491122,33,9651734,2536932,1
199190,437,7017426,5,23072640,1764398,1
101619,561,8486936,15,7798485,4730727,0
188848,481,6239544,10,568925,1231372,0
207069,748,1549919,31,22103007,887521,1
144107,587,9662675,12,15338748,3120833,1
206451,404,1349142,23,14590663,3348765,1
70045,551,7466479,35,1855096,3482084,0
39938,442,2391198,15,21909292,1556512,1
111077,724,5557330,27,24330796,3269435,1
55813,439,2671930,31,4210719,2111777,0
145869,861,4099973,15,9222156,989830,1
292951,679,1548328,17,13975625,2798060,1
118158,570,2101241,8,9118663,3019286,1
216884,716,3175673,11,2338343,1696210,1
282452,404,4356884,35,16293834,1569324,1
102994,462,9914439,29,5740987,2031033,0
266344,577,4220249,12,5255886,3465607,1
68741,581,5751272,22,20122552,4502101,1
108699,390,795944,13,24895366,4886367,1
55173,607,999469,9,12187629,3559210,1
227421,641,8542875,26,21343884,2420007,1
163074,737,8756475,3,14961180,4042596,1
64076,447,2861401,16,9073023,2973030,0
69701,466,3491177,33,4293906,4496594,0
74358,578,9341114,1,24180879,493027,1
116075,435,8012809,5,15970092,2455472,1
257688,748,5953163,5,4600710,2200453,1
213403,732,4121312,4,11843450,1044781,1
182814,792,727412,24,21665145,3652808,1
260021,741,9581018,28,2195053,1010738,1
119989,363,6729797,28,11689505,1860828,1
143384,641,9808969,1,9318481,4410474,0
289314,500,1276558,11,8281064,2455930,1
147070,681,382903,17,20157846,551840,1
217760,555,5989804,3,2574024,4157439,0
237384,399,5023374,0,17145367,3440228,1
187595,421,6719073,8,17738944,1840780,1
241558,328,8003351,32,17254675,904912,1
237675,670,8402159,13,10031837,240204,1
70226,552,5355937,2,22965977,3470976,1
233665,321,2220271,13,24072040,4949414,1
82839,450,3689435,8,7591945,4457028,0
106589,825,2713039,15,19653662,3039686,1
206319,736,5267775,31,17038425,3374814,1
201699,672,7143614,14,18333802,1083288,1
111970,623,5840955,2,16380115,4925831,1
233336,853,9127220,29,7491938,2894,1
76744,490,8443298,22,15893785,4369918,1
118605,489,4529472,33,8004512,4353209,0
104262,497,8273382,28,18271032,2715348,1
36805,316,7866200,19,2185579,4714507,0
237161,843,502629,16,6918428,3817727,1
200341,492,2919691,7,7968696,4633789,0
87851,738,3297794,7,22453568,4790846,1
225223,521,1415156,18,553648,3482706,0
256821,836,878680,20,1325605,2026341,1
298680,750,6374954,3,10525189,3637776,1
152994,556,7125197,30,6146259,4555466,0
73281,583,1142586,24,24764957,2274587,1
261818,486,4037343,15,7772861,4821660,0
198910,638,2086811,17,4677686,1054251,1
247109,663,2078415,17,20203594,1941670,1
161074,782,8916613,33,23966685,2940969,1
287279,828,3595726,13,21917682,4786253,1
73159,855,5231854,9,1618393,3568838,0
296975,602,5227296,16,6966694,4243494,1
220473,334,6093826,30,20234564,2718681,1
194405,776,6282609,10,12777153,1318450,1
84836,886,7043671,32,21638073,2782211,1
204959,604,428685,27,8967793,4698120,1
251688,620,7160965,10,662001,1148005,1
107025,884,8284564,24,22184140,1581601,1
166131,778,332937,5,19138671,3212810,1
191187,583,8060513,26,10376259,4437295,1
167947,444,6126439,14,22691489,656621,1
76100,701,5033888,12,10698469,1937790,1
263806,876,5928167,33,3256307,256095,1
53899,730,1129280,32,6023067,1523694,1
31321,814,699356,34,24763142,3813295,1
138364,336,3918979,34,10913236,4404512,1
212199,680,6202780,16,12800541,4833001,1
246682,594,5805421,21,13562515,1643023,1
89351,887,9017685,27,22427828,3472410,1
268328,689,4846407,2,11973486,2098531,1
187981,480,7855992,11,19147916,72306,1
224850,491,9408779,2,4809633,1215175,1
127599,518,5621337,7,16170059,3365754,1
156111,305,2514757,19,6733241,4386057,0
145816,867,7848839,34,20619837,2828166,1
153242,361,2764146,23,12267208,2580221,1
54487,354,4895153,27,935225,3813302,0
158075,399,3816072,1,21455101,1783208,1
280407,495,8110806,29,23718073,2208025,1
188817,453,1702135,15,2753507,688129,1
94953,846,1821095,23,2863933,2109620,1
276373,837,1211905,34,14047438,3376248,1
257387,384,8407491,24,13773355,1843482,1
194112,553,3130707,30,9123677,283945,1
55721,457,1330095,29,14557341,3859854,1
120276,641,5292777,19,18624072,2293790,1
211771,790,6861686,13,3353221,1842456,1
139809,842,8821132,9,22470478,2044085,1
291689,341,4633764,7,8711452,2898970,1
257975,584,9649275,27,21207896,1327266,1
166659,740,9453615,15,23637723,4993830,1
102637,883,3746012,2,3223001,1054297,1
65861,548,1043088,15,8472681,283874,1
135588,474,6518734,35,19080507,2835522,1
242223,866,7452862,2,9753283,4885649,1
162086,850,2636843,10,9696577,2894861,1
212095,603,4949484,18,15964564,949573,1
124823,860,7684555,29,3232808,721086,0
143682,471,1597634,22,2965703,2755919,0
284164,508,2985312,31,19979993,1546380,1
208806,589,7712246,14,13970514,1545237,1
124862,373,2839286,31,21934326,489646,1
195296,568,3834321,9,14208080,3209385,1
131452,357,8335409,12,13830378,1110257,1
156303,386,7716050,6,8529100,900039,1
69442,601,7725053,22,2358785,3255995,0
264415,591,2859469,2,16539788,2538170,1
290606,730,9668971,30,6153809,3416061,1
206151,308,3299311,10,5375912,2127979,1
35232,722,205946,20,23330832,1240058,1
167245,316,8305478,29,21282115,4406313,1
135192,860,8910704,18,2448796,1621176,0
79324,470,713388,32,13411808,280818,1
270459,395,7214698,32,21119529,2251020,1
148447,313,1055855,12,8337538,2604610,0
201202,583,1441131,30,18703102,4692105,1
83418,394,8976293,27,24974166,4083643,1
118795,522,5893208,8,6639888,2622564,0
172121,429,8984627,11,7620327,2186895,0
265550,506,6116179,15,19111340,4893104,1
142090,612,5523123,16,6926567,487020,1
155968,300,7284776,20,15148786,2056432,1
257779,736,3903351,29,18653467,1055097,1
57582,700,6473130,31,5541601,4405361,0
130522,401,1110041,20,482217,3104239,0
148561,618,4918473,34,14339453,2788016,1
128136,863,4381419,33,3691319,544625,1
111626,397,2866029,25,13546938,3904766,1
88802,546,9107787,34,11920187,2538255,1
184868,708,125668,15,13409281,1007379,1
36755,661,4992389,7,11810182,3249860,1
183159,540,1843616,22,5768760,1165177,1
184973,450,8508779,19,689370,2645102,0
125672,525,1906774,12,17825009,3003432,1
219360,627,4479786,13,13200672,2950520,1
206327,584,2390200,18,24207273,4705887,1
33060,686,362803,0,4188011,2943908,0
166764,353,6998839,19,19849227,2640509,1
96465,410,7900977,26,12414052,3862199,1
233134,872,6546649,3,17364964,3976208,1
105187,690,6972334,26,8329656,675588,0
277010,641,1654658,11,6024967,3993900,1
124315,629,8561569,13,5823202,2872130,0
116889,833,6945540,33,7154583,1499728,1
134356,550,6040820,26,1397305,2595570,0
154776,779,4005743,22,5585884,606321,1
64357,587,166282,16,4244188,2704010,1
112668,394,7414889,27,9949186,3072204,0
216368,687,8154541,10,20217417,1608370,1
230757,323,6829255,33,4046428,916884,1
82761,312,9698669,25,6751340,519896,0
58226,810,7932860,5,361979,2114308,0
119060,457,2351123,16,18416869,5966,1
231936,746,389693,8,22305468,1628926,1
256410,799,2591147,12,18387533,8755,1
257517,410,872792,24,12697709,2556045,1
202076,797,9264262,29,4066092,2134519,1
135320,483,8364723,20,3663753,4987039,0
42629,556,8568809,29,19831594,2670347,1
277350,798,8336580,6,15051832,4919654,1
54206,679,5680808,28,13537514,4015674,1
173385,590,2988487,24,18853688,4886606,1
206931,899,4119123,28,18932923,1795116,1
230248,676,1224153,18,8836939,1991537,1
252266,729,6464363,32,4855781,4482536,1
260615,480,4484290,30,1028994,235984,0
140300,783,6541162,6,12527964,4493026,1
276983,476,5323925,30,5063395,37422,1
165160,782,2980052,19,4401409,1295641,1
289963,884,674057,18,19240613,1706966,1
197921,740,7894324,17,245183,2552323,1
294443,594,5658104,27,18968277,954565,1
107515,754,2387973,18,57389,386803,1
87640,608,8942003,34,6868586,1259654,0
105907,371,2993045,24,14811613,3742644,1
292053,713,8511471,6,15771665,798277,1
224105,303,5865267,29,17924537,4608436,1
281983,484,5938846,16,1430176,3564263,0
147309,516,594028,29,12965963,3353071,1
83399,566,3961529,25,19709764,1775520,1
289622,616,335647,3,18795020,4903150,1
99736,514,8651419,31,12690446,758461,1
265196,706,8621127,4,8410847,4499007,1
40918,535,390741,27,17909324,1876797,1
228001,445,8466778,35,17089773,193635,1
272948,874,4334631,31,15282939,1164084,1
80831,637,8016540,11,6470636,4999750,0
289995,422,8986774,12,24998251,1619740,1
49229,338,8463159,4,9916885,2867310,0
82283,305,8160370,22,8346630,4240105,0
162419,742,1605794,15,16806512,3927476,1
200190,402,4231711,30,6425416,4966372,0
106264,762,5230907,9,17740455,1333469,1
209821,730,9148816,3,9481169,4119282,1
211242,739,1541255,4,10535875,2513883,1
257615,720,1229798,10,20590773,3591928,1
33331,769,960231,35,6921683,102192,1
87790,866,1598940,13,3781507,2831391,1
221726,454,9263886,16,557344,3609816,0
99906,375,4689096,9,2200158,894070,0
128382,304,5775564,20,10718876,3144329,1
280786,424,6511996,7,10592711,2899813,1
106087,316,4057184,25,21598150,352313,1
264670,460,4235758,18,3070998,1411949,1
212515,447,8609223,31,5766436,2820736,0
151008,451,1324944,14,24384912,4940788,1
129169,334,1357701,14,23024898,1676669,1
57770,680,3328100,29,23488220,502869,1
75289,678,1527978,4,21062132,676277,1
111276,840,9425974,16,1496318,1797379,0
69903,729,8409487,16,11088136,1071788,1
154604,869,1282209,10,20539935,4210799,1
46512,656,1434084,3,8290705,3818518,1
219774,484,2109016,31,22225002,2402316,1
42109,627,1825235,32,10586310,2763594,1
101412,705,6021448,6,4405981,4937019,0
74998,360,971989,20,12344491,3294946,1
211828,650,2660074,8,17534989,1540453,1
174754,819,7763575,32,20510627,2333542,1
276287,745,8034539,34,21393319,4525735,1
62382,838,4426398,12,16502363,1891346,1
87652,436,7137121,20,18125710,4040813,1
158435,824,7332287,27,14786958,2962787,1
102769,345,3200647,27,17899978,3290927,1
277777,745,1500877,24,3909516,3938968,1
39927,750,8469595,22,15942591,4777554,1
186771,789,3206499,14,20853899,1948897,1
82041,862,3504579,17,4691767,3960709,1
113374,320,1746835,25,24495555,4110289,1
112493,357,1918390,32,19724989,838399,1
209990,687,7035985,0,21293161,1433930,1
43802,621,9956489,26,7559426,2341475,0
123283,480,5789871,10,20465729,272315,1
297872,350,7207618,21,8621578,2661387,1
210482,629,1497026,9,9746503,3431762,1
117226,763,4301026,14,7926323,4100174,1
127210,769,487860,1,21967552,1192054,1
142375,819,2980623,15,6270330,4212435,1
136889,895,2805084,3,17578096,1595501,1
199435,752,4754476,27,14586104,3825961,1
289284,322,5517904,6,10365570,4174799,1
175794,678,6134499,2,9111691,3960699,1
169852,822,4744462,4,7167402,386349,1
54461,815,1254619,21,24023756,1910516,1
164837,651,2659276,2,7404328,330469,1
142571,304,533545,1,7314161,3134393,0
236646,682,4611811,6,9736233,2393476,1
71725,634,4231616,25,1774130,155707,1
116733,344,2934525,28,3228570,994615,1
100856,881,4667310,19,16353033,4806029,1
280170,446,5791405,22,8838476,799184,1
37245,328,3713150,34,21584047,4839681,1
230898,834,5097403,21,11483390,1244131,1
203627,739,2621283,21,12920534,4992896,1
55296,676,7855370,21,17352185,619136,1
199039,623,4936284,22,1907804,246087,1
157932,570,6582600,15,21019110,1725434,1
246896,752,7753490,30,716529,2571550,1
136515,868,5362695,30,13050053,2174910,1
269066,801,6827494,17,22487163,2287709,1
218965,388,9212863,7,3717050,3602457,0
123891,602,4465706,15,8398224,4845307,1
177874,353,1281658,30,19804024,785499,1
118333,744,5894316,35,11345463,2629976,1
35713,668,4653434,9,17342615,2699040,1
273675,420,7671031,4,7692016,170041,1
276145,639,9617447,34,16836256,348993,1
215320,788,1193954,12,6383589,2097376,1
62417,868,3359141,0,24012416,569347,1
46496,517,8607004,8,23327430,2108784,1
212188,377,5659976,32,16534617,1585663,1
96370,685,1895917,8,8719669,1032846,1
78063,714,6717465,12,13585009,276711,1
190921,886,6254604,15,8206748,3200993,1
270811,758,1845627,26,15121412,653335,1
88565,847,5816054,30,9942914,934842,1
102020,858,2427230,16,104019,4784742,1
150463,563,2732197,32,19788651,3842018,1
62946,723,9663156,9,11616949,4919046,1
233210,601,9084051,21,6392542,2440734,1
269173,748,2039103,8,18363228,4234345,1
249905,630,1766075,16,15048384,1850724,1
89194,559,5291328,21,11729168,2640382,1
32365,759,964886,33,16066379,4667595,1
117003,687,4445750,24,16211536,764864,1
128933,420,1737752,8,9925578,992230,1
233579,535,5308218,15,6073301,1765371,1
243919,809,6039683,18,17125229,1168835,1
94908,506,6189671,33,20303141,1043302,1
289178,520,682589,32,20929200,1087886,1
150957,430,407130,22,21724512,4562132,1
46013,338,2682822,29,10886694,4642797,1
231941,725,4700779,34,22419565,3198952,1
151859,542,5153417,17,942191,1878894,0
236808,531,7282595,24,18126627,3247179,1
186410,470,1646691,32,9845029,2783144,0
299585,401,4090257,4,13092129,1075461,1
134757,659,760907,5,10092835,1656645,1
77737,460,2915408,13,23697645,1826170,1
156223,499,7641890,21,17926347,2094175,1
53686,692,5251694,24,1685072,4146912,0
235938,795,7758285,33,7194568,1473279,1
211848,847,4106251,8,8843489,2925411,1
242844,853,5098058,7,15599883,2748565,1
188404,692,4186802,3,22487809,1367869,1
272591,549,3549131,8,16496057,2491255,1
65022,322,5501365,5,23370782,1907227,1
146839,645,648095,29,15002362,3646291,1
146509,747,4902829,2,233925,4146412,0
271095,485,1594919,22,5062149,174660,1
227804,772,9973818,2,5318149,1904358,1
149907,634,8175983,9,18567805,2692711,1
131277,412,5387465,15,13402765,3964733,1
54725,697,5987741,23,336191,17621,0
209825,805,1257875,34,19501799,556332,1
200693,685,159469,3,2696553,4734018,1
190308,823,9284300,6,5118981,616070,1
197362,740,8577447,0,17373035,3877144,1
33067,792,1496125,26,20100540,263978,1
71789,609,4967580,35,21147904,3846339,1
31144,660,1117472,11,13499826,1503040,1
108113,729,7795262,29,8257379,2603518,0
65886,301,2591998,11,22132569,4894262,1
299754,370,255350,9,18577233,3715217,1
285302,382,8103108,24,13029864,3942772,1
80831,545,4426502,7,8240610,343915,1
34419,749,8277707,22,7863412,1551126,0
191232,584,9140401,30,17422114,2618947,1
245232,372,5728020,29,17013269,463132,1
150166,487,9644089,0,138288,4370247,0
54339,343,5721974,24,20357481,2923509,1
70728,542,4860991,30,2214555,4829769,0
120117,639,669922,10,11944065,252084,1
266705,704,1943270,31,12882367,3175039,1
289928,771,9616599,23,24849513,3791493,1
48941,455,7099317,25,8144114,331667,0
290036,609,5653508,6,1341379,2449882,1
273009,675,9598436,29,17294681,4613292,1
73359,394,759206,35,21705041,1641694,1
163747,331,6547831,33,12965347,2842961,1
212563,317,9195257,26,18159449,2163345,1
101441,514,7487299,10,9268257,1408775,0
157851,860,5763587,18,6279771,1184996,1
162302,785,919301,23,16756559,69351,1
87864,490,6569339,32,202504,3801839,0
45496,877,4145959,18,22938472,2670723,1
50460,665,1000213,13,13367606,105141,1
197330,675,7276598,22,21082636,3028449,1
149384,476,6675965,11,4247526,1223259,0
137120,359,2025682,33,9434123,3358337,0
40497,481,2965989,29,23956962,1682975,1
160242,764,1715569,31,23226952,2627922,1
195251,727,4229151,10,486640,2181681,1
48506,594,4601866,29,16331905,2272120,1
158926,813,4451646,21,5261249,2327895,1
254816,642,5549585,11,18898807,4805538,1
282465,410,5836048,16,16375831,4541617,1
93311,842,3472759,15,19793548,310305,1
259301,866,9476866,10,12984752,955031,1
289644,669,6106375,18,9290496,4279877,1
287730,617,3125989,23,13439480,4249942,1
186158,635,5992660,19,11014034,3336278,1
39098,356,5291093,27,6966413,4727275,0
84994,417,394454,32,16932423,1492240,1
67970,840,946207,33,14244125,4323905,1
215122,621,4471853,9,14555133,279730,1
184069,897,2799127,30,4878186,4849155,1
252669,397,9774677,12,20119498,3234096,1
157051,318,3901460,8,9681795,4701589,0
41774,650,610292,19,10437430,1840140,1
187655,773,1763846,22,20121939,803119,1
62309,348,5146388,2,2198390,2025507,0
108653,491,2569521,3,4950764,2809407,0
222672,603,8445412,1,16741401,4802100,1
210443,304,1779760,3,17367363,620831,1
271066,326,3839141,19,2791532,4667940,0
196779,367,4116397,0,17453127,2535192,1
146722,865,5662292,21,14222410,1922114,1
160736,806,3444529,12,17384569,795807,1
124987,715,2688343,13,19713080,4510539,1
260786,878,5900234,11,23962581,4335174,1
165218,389,381773,22,15335562,1514012,1
121065,364,3875543,8,7893512,1123865,1
273801,837,579875,19,22972222,2650714,1
256462,847,2435917,14,12974247,42741,1
120408,317,9857325,9,12035950,2761552,1
181835,497,3752355,25,8086855,1459287,1
100130,388,5044769,7,11218724,1169224,1
190690,424,6878903,23,23719220,4524689,1
207492,829,6356813,24,16984329,3520078,1
173947,602,9212808,7,4194047,3522218,0
145259,722,2931582,13,18745666,4415982,1
130456,747,9589279,21,7929875,4870163,0
107481,437,6338467,17,16576755,868704,1
158111,722,7353073,24,17331041,4235128,1
38462,340,7692118,28,19643668,4965375,1
185709,331,9934403,28,21329206,2879135,1
170381,486,3928278,25,10646036,643930,1
146461,432,4384787,35,194970,4675965,0
251705,364,6646909,9,5980571,2603613,0
142717,545,6050068,21,11027478,1729911,1
165784,750,9739383,28,9396974,1063671,1
147173,508,3833317,16,16700497,837499,1
242919,803,8789792,7,2078367,2040786,1
47553,848,9052238,24,21988491,1549830,1
276453,783,3326539,30,9123637,811504,1
114277,851,9967149,16,3443680,624852,0
68785,573,9843922,27,8729539,1817554,0
239960,368,2469434,20,23815172,1362936,1
52993,619,8126093,8,12098418,2112857,1
122687,791,6027052,3,20473136,1075494,1
117361,694,2103127,18,8546446,1677611,1
145677,438,293541,2,3186482,1265900,1
140468,726,5501001,26,1847713,1039428,1
182085,779,6560702,15,16365955,64182,1
219287,666,8343590,15,21260417,931853,1
217840,792,1854442,11,6782282,2655794,1
33016,582,411464,28,8319282,4817388,1
145031,724,7437417,24,12222408,1756691,1
227844,881,8287702,10,7196608,1465917,1
164199,540,747355,23,6937183,2883778,0
179062,393,8495941,20,15056347,2056931,1
248757,710,6128652,6,1806999,3343426,1
157827,404,7991001,25,13538744,1600847,1
210202,409,434737,6,11693418,2112257,1
209623,547,7516138,0,16373046,3178913,1
54457,424,2479230,8,2043918,965585,0
136742,537,4552144,9,762549,2976215,0
60070,687,5190857,25,19663943,4026310,1
244816,370,6931925,0,20555163,69763,1
208249,698,6150312,28,9663541,1057747,1
269426,450,7721518,1,5279441,597643,0
239292,801,427633,7,19746253,227771,1
275405,839,3400729,14,21636766,1033967,1
159761,581,4653712,27,12303292,4242748,1
282572,669,7957329,23,12258767,982202,1
181418,554,1011626,32,24906859,4865426,1
236725,314,6074568,33,1653396,4028089,0
200539,746,6246589,31,20682246,4369225,1
289920,638,6749639,20,2663569,2201424,1
184884,325,315096,11,5364152,3868727,0
191367,604,8593129,24,9853652,4101576,1
175896,751,9308460,2,4551438,3954385,1
276050,867,9107906,15,20130704,1153016,1
164956,365,9145375,22,12842359,3978153,1
134587,376,7263100,26,18644803,3112830,1
181890,882,5218126,3,15158476,833724,1
217549,565,4382128,0,15401849,4263895,1
177322,517,7710229,24,12524407,2636131,1
243237,835,3850043,32,17683232,2181375,1
139232,683,1778905,32,3174289,4941255,1
223204,534,8880648,31,12149268,640401,1
187014,731,8369430,35,18037663,2225414,1
279389,357,1146525,15,10294691,683596,1
87211,439,8840232,0,15205354,1529740,1
49057,633,1180182,16,10285128,348606,1
123398,314,7165079,25,16714088,4374778,1
205422,429,3535647,20,13493888,2389036,1
37741,474,4523006,14,22302648,3045227,1
272933,722,7018707,11,22895718,3482322,1
246453,499,6340200,29,1822375,3159132,0
196093,443,7041633,26,9894320,1305227,1
97123,327,1649228,24,8898791,3357413,0
249424,680,8627823,22,18084552,4521845,1
283424,434,3770081,4,15081266,4908493,1
30391,401,7716755,18,2705787,4155423,0
130108,331,5528231,21,1769439,750704,0
246017,734,9024123,1,16910747,183062,1
53946,895,8455995,27,4507004,2211365,0
105506,790,8772441,30,15498715,4509,1
83771,335,1249175,35,14027133,2172960,1
118192,547,2195106,1,21482819,2138392,1
235998,534,2626358,21,10444680,995248,1
203976,506,8902659,16,8659454,4822983,0
172318,689,2415021,1,17083381,1464503,1
149837,442,1922757,16,3216216,3906749,0
31093,660,8399670,15,14325196,4473797,1
148945,893,9671876,14,19068880,4318131,1
115084,666,260856,25,13732970,2116575,1
98310,413,7947607,31,10275577,2613160,1
288820,618,1096122,34,24738844,4417877,1
198846,494,9512165,5,7828056,3350446,0
77817,359,3705847,20,3250735,101065,1
42108,556,8967326,26,4819652,2382158,0
110091,818,1608272,22,1175796,3000557,1
139183,813,3954959,9,21401643,1844363,1
213905,326,4561288,14,6875618,2298675,1
229876,718,1865342,18,4859551,3017192,1
91915,691,6246681,6,1356733,1755855,0
292624,582,5288871,4,14306472,430301,1
58203,792,8567103,13,7628275,4581944,0
148927,502,7366159,26,10459300,3928222,1
54423,593,401996,23,20244812,1124494,1
203586,839,8174587,28,18619868,3563988,1
66416,523,381493,12,5132779,1523765,0
131617,881,8923367,21,11537640,1081788,1
278091,777,6604786,5,14439800,2565096,1
285642,641,7952350,10,24170690,3473591,1
84011,533,5332420,33,12678466,5072,1
206231,701,6928164,1,9025940,4009879,1
75928,608,9136715,21,21601830,1721118,1
189379,549,3235034,30,21824498,4716827,1
267392,603,3985191,24,12927576,2931125,1
102693,505,3562813,21,23267780,4178300,1
240289,465,6995738,30,20658018,758688,1
201877,458,5297037,32,24084198,2310874,1
131671,360,4364602,26,12298511,4766506,1
122605,740,7536712,28,8283476,4050833,0
125024,733,1492356,30,22342623,2979484,1
234057,645,3188908,14,7794052,178747,1
80634,867,7616614,28,93558,4698038,0
131282,549,8681424,16,8175061,462743,0
216196,547,7128534,22,15227016,862797,1
234390,412,702460,9,18295665,545136,1
187899,786,8447073,18,9996739,290782,1
165025,771,2909297,19,5235163,93553,1
126054,879,8645643,14,9966584,3718303,0
255283,435,4670909,28,21575636,4273668,1
144595,325,8298432,34,12698112,151154,1
299821,368,3062325,25,1318177,2295829,0
147607,639,4403209,15,24652944,3547906,1
241633,339,6134452,4,23656842,2132433,1
66855,720,2681313,5,10049159,1628247,1
46999,844,5807690,33,1616593,3714771,0
257358,619,8568910,29,19849996,316677,1
293329,376,7782636,15,8731067,4607092,0
57446,616,6171966,32,15882282,3909603,1
143384,714,7436110,11,10774477,1701037,1
39548,836,8603204,30,19393560,52095,1
160611,714,6151302,26,21593443,3522721,1
235497,529,4429854,14,3979957,4808115,0
44798,736,624073,4,8516728,2166612,1
276450,503,564144,3,12242484,430373,1
160387,797,7074668,5,13058888,1027479,1
196685,732,5865368,25,6799839,1719421,1
203204,324,5976682,21,22288519,2111707,1
272882,314,3717906,7,5254736,894424,1
56736,327,6121905,17,18908915,265816,1
169721,831,9443540,33,21747749,1404186,1
173956,851,5506248,26,23020213,2768200,1
137337,662,1157660,11,19109405,1188522,1
280145,310,1395401,15,22189215,3671772,1
268382,336,1385828,25,20696152,1697255,1
94067,605,8352363,5,498844,341166,0
203758,478,9424185,32,13603057,3377849,1
275424,763,3774652,25,8992148,2153615,1
239283,558,7709094,3,1132122,3451029,0
173285,480,6843642,23,2675189,1722957,0
154437,516,4485085,28,14227456,2810730,1
192693,354,5983156,30,16522262,1519270,1
158904,865,3205587,14,3870824,3217221,1
141219,487,2637555,24,19438193,1909792,1
70267,398,2186922,0,18676567,1882713,1
188613,415,887700,15,15271877,295512,1
93310,642,4191893,3,20488552,755833,1
74646,480,7216570,26,11751622,2295338,1
270695,626,2951214,25,7907445,1301806,1
291669,463,1356972,24,24255722,756306,1
59310,580,8636511,9,19977736,2524490,1
86330,637,712550,7,7461620,4638869,1
240176,723,6796843,22,20740531,4910646,1
32705,499,2514569,23,8950326,4779832,0
168697,580,8158291,0,23753395,170192,1
148612,369,6742584,12,11065802,1903457,1
259974,501,3587667,17,12362063,1968696,1
33505,738,9785983,3,13423506,3391217,1
120582,840,1317936,12,24097538,3231960,1
46989,309,4665629,24,19224545,931279,1
98799,800,2154627,14,10222847,2180890,1
296585,379,7849451,7,2961771,1458361,0
141716,848,9399273,4,18891930,3508873,1
270658,804,913650,19,7625969,358665,1
97581,828,6983253,6,14182230,3432903,1
98850,790,1906504,15,7719257,1351655,1
43457,876,6464449,9,8364540,1251978,0
74164,606,7439397,34,14693138,4200418,1
94877,890,6898709,13,24592401,2701204,1
235052,328,2243656,28,11295596,2389323,1
47228,836,2822612,17,20366340,3996614,1
93031,347,7747884,14,4495603,771129,0
218365,816,3363172,30,13116133,2383302,1
226987,800,9120451,0,24682888,184384,1
150220,796,7127704,1,2032758,1792202,1
259993,880,7294819,34,14898348,2255663,1
179954,750,167239,1,14038323,4477204,1
236250,626,3761868,26,15548255,4735806,1
222921,778,7027827,7,4509511,1413163,1
279894,317,2583500,18,6052759,492921,1
277399,576,1137149,30,18813107,2180112,1
90649,635,6222139,32,15087424,3290167,1
142420,624,9102215,2,616252,3678669,0
224272,783,2986788,33,4593592,53894,1
61019,548,1587882,4,11307750,3608781,1
107329,806,6507092,6,7242481,3109299,0
280108,626,732962,18,22576515,2238718,1
76428,548,5514359,25,17774618,1345555,1
102533,323,5219550,15,23144599,4991094,1
128292,570,1516121,17,21618919,1845072,1
270336,592,1024185,12,20451228,1752427,1
287368,452,5225109,34,17580428,1666462,1
146431,469,9279447,10,5419378,327237,0
138562,745,716577,24,7045394,3639715,1
92648,655,9898129,31,1328810,4935884,0
193459,900,5872977,2,13032133,2838550,1
153856,770,2366840,31,20937665,1891901,1
123329,786,8197999,15,16902511,4579950,1
35117,310,703980,31,9911858,2617041,0
157493,496,6640708,20,15725232,3452294,1
82698,751,8825974,25,605327,1706901,0
70851,645,9941180,15,4927127,4754718,0
60557,595,7999334,3,935303,1227544,0
114708,829,2880265,35,23887761,1686165,1
37417,732,6877328,28,7125957,2691248,0
82237,464,150606,25,7139907,4083314,0
283153,464,7465069,16,22053964,2584558,1
95324,381,5070100,35,15893879,1283893,1
93993,632,9134560,0,21393237,183222,1
102126,723,1153723,34,22868717,4059430,1
52737,733,3281182,5,18082683,466473,1
289495,356,7532431,11,23062791,934368,1
238508,663,9956592,35,8888953,331998,1
79522,450,5001143,16,6305402,3884714,0
143729,312,9576438,15,13423747,3297628,1
118255,771,9681626,7,14572171,2785294,1
53490,795,8551942,13,8559425,496248,1
279784,681,666765,17,8781324,4093395,1
286632,319,4386732,3,16044497,4560398,1
271967,598,2674678,28,11294834,1548946,1
249917,688,649771,31,24946996,3586200,1
137266,505,6806648,26,15983696,4420483,1
117102,798,8355266,9,18687108,1429714,1
201077,824,9552763,6,18274913,3540481,1
30027,690,4561464,12,17499219,1619290,1
146952,596,6719531,3,5033685,2761051,1
174344,741,7959982,10,9282626,1288410,1
156006,656,4534189,25,3130283,1678023,1
239854,715,5302801,33,8166737,2644831,1
164040,733,1346280,1,58912,3739249,0
198705,774,4712543,4,19432706,2106467,1
288800,675,9345120,34,167151,1440377,1
145495,828,4024204,18,20562717,4461600,1
134515,320,1036258,23,24242175,3116516,1
108763,703,9564811,21,23801865,217866,1
144196,659,5755612,25,8807996,20712,1
113629,728,8880101,35,7863872,2352763,0
85432,302,5752485,8,21399967,3359061,1
150440,484,5417276,2,15911125,4294993,1
87850,748,5329668,16,23219379,853501,1
117676,657,7156958,16,24582901,1960031,1
210574,322,212032,16,9117100,3862019,0
105031,748,7934826,30,15901753,3859144,1
157995,707,5480445,0,16145834,4671741,1
225591,428,5613852,9,21494585,4301770,1
223297,781,6871814,18,16483952,97461,1
145202,472,4308074,19,6510102,4632854,0
266340,733,7451923,8,3034755,4280619,1
128105,611,8939647,10,15837801,503093,1
179478,454,4994734,24,17639735,2108979,1
276083,567,3216172,5,18905590,4574173,1
58689,550,1478688,26,18921540,1728065,1
114662,377,6218352,33,15950467,2640087,1
195297,615,7165350,30,23910455,2645367,1
196988,669,8045103,20,17949105,3021370,1
287041,617,5488883,4,1676293,2900447,1
285782,443,7590626,20,18714349,392735,1
237794,715,1467754,8,4457524,1764086,1
145327,457,5387126,9,11197941,263678,1
128476,695,5068789,21,18410544,2796174,1
45989,898,2318198,13,10382821,2633976,1
296998,627,3601278,19,18992233,3461188,1
112368,788,3159116,5,14526363,2946043,1
167018,316,6034126,12,10775627,4351096,1
120945,488,3052173,20,18000055,2011305,1
35949,782,3245359,18,11328527,1493924,1
211820,745,2288549,10,23139268,1988055,1
268830,898,734228,6,24790282,1729706,1
178178,704,9973765,28,10019315,1557723,1
97481,485,5594627,4,22941875,4505675,1
252145,649,6106939,1,10640264,1431604,1
63672,611,4851401,10,12353874,2543502,1
284832,596,7416798,8,8370686,2660391,1
113366,473,8160640,23,22982896,474174,1
112015,729,8877123,32,11207341,2486352,1
185013,499,2434054,30,7881660,3798135,0
100533,745,3782024,35,20159157,1931163,1
253076,544,6382404,20,21120500,3779235,1
174369,856,8254734,18,15746773,2531640,1
233362,873,3700900,15,9177300,3857758,1
212628,884,4538081,23,15251093,126459,1
225468,391,4576272,32,18444008,360813,1
240056,449,4040603,28,21454326,1539743,1
212637,885,2617751,34,3082246,3540005,1
33717,358,8024440,5,6395846,3516392,0
82300,776,8757672,20,1761837,863062,0
262887,882,6048438,35,6071117,3550950,1
194106,515,9811239,27,6761233,60345,0
276143,524,7698654,22,22252250,4856813,1
179536,379,7603504,35,12288805,1687776,1
230621,610,7458621,15,10210711,2327119,1
165179,599,3939442,8,20828256,2822105,1
222729,597,3075312,7,11109199,4650357,1
175628,462,305161,15,19303911,4283492,1
119338,735,2140269,32,5894771,1178473,1
287159,620,3018258,22,12027410,2831454,1
75079,852,4379262,17,7506156,2316055,1
94361,303,8695969,33,18470456,2985757,1
146431,763,1000675,11,24698125,4329847,1
277844,463,1334095,25,20638359,1373013,1
112705,656,4638184,15,21465767,3780216,1
273018,746,6723088,1,10180637,1695159,1
172266,897,4873929,19,2539729,344873,1
198932,859,2601836,10,15214786,33027,1
153290,722,3600010,17,14715730,4364324,1
180622,844,5951695,27,4102706,4175682,1
277895,361,4708605,20,18610311,3880857,1
43599,651,5828094,13,14545251,2148303,1
142311,722,674628,33,18981092,1706090,1
40161,778,4858172,35,20069582,3519259,1
210963,854,7387400,18,4804116,280063,1
178739,882,1623780,29,18372877,4892203,1
80893,449,530215,6,21317031,2986221,1
294373,537,8596942,5,16968032,3323025,1
132254,410,7617037,8,22083252,4854515,1
122985,684,4957711,22,6717213,221034,1
231544,380,7630438,7,5682459,3573532,0
33740,419,2164846,11,17144920,1832323,1
297935,677,7287763,11,562821,1319896,1
92296,497,5690745,31,6056260,4925094,0
227490,481,2127338,9,13700459,4485936,1
244867,521,1426969,4,17615749,3603998,1
43009,814,8069913,25,17079622,4170309,1
152967,623,4452914,6,6693736,4433527,1
31829,462,4039243,15,14275889,3421759,1
299937,724,3286480,1,3435701,4447871,1
122519,854,9631012,14,10877503,606370,1
239349,572,3342951,23,10553551,2654693,1
157992,861,3921971,16,24437496,4382735,1
278601,561,5602887,35,11910842,629569,1
222482,646,9690415,21,20344464,1515196,1
265562,801,747118,13,17409026,3238387,1
265327,739,7109581,13,22307231,721747,1
220695,300,6512137,27,18245983,2280884,1
279015,361,7300386,33,20305946,2416213,1
229743,602,8756404,6,23994833,1389795,1
225778,691,3743700,18,6216317,3316683,1
80425,313,6717399,23,23581094,4136170,1
277338,571,1365637,4,7382338,345642,1
226643,427,5235144,18,2172115,2298348,0
32552,861,7009791,28,24201154,4356543,1
271934,355,4128213,20,16295754,4203137,1
204533,414,1073637,28,1520303,1236791,1
223441,391,488061,34,5359852,2923762,0
118747,886,4417946,30,259618,1620324,1
202151,774,5972690,31,6496857,3118371,1
110223,397,9046328,15,6548061,1252396,0
105976,731,6989162,18,2403459,1906697,0
32870,845,5301605,14,23781883,3949945,1
225476,849,6523200,34,22620732,2294037,1
110230,645,7924805,2,9238680,1180696,0
293760,708,1993121,30,5330342,3767977,1
187110,751,2693934,13,16526308,307403,1
38261,565,5854128,13,5379027,3656262,0
213084,640,1614443,12,18344836,2063984,1
50575,409,9683714,22,8459045,1390730,0
211949,657,9508665,9,19819029,3220605,1
128506,419,7354601,7,14713980,4365703,1
166090,475,6967257,35,7561710,489901,1
129943,856,6413426,11,9328335,759634,1
75437,834,6884276,10,17523576,4283081,1
61921,480,8765376,4,23530909,873576,1
72944,850,3077309,34,17095890,4448089,1
269873,313,6369352,8,3810761,3415052,0
109721,578,5108123,12,16282529,3943853,1
42087,767,2899382,8,8469633,3915460,0
248194,722,9731247,26,20486060,3857256,1
48465,888,2746404,10,14115992,3340856,1
83994,546,5830585,27,9439507,3893972,0
96302,596,5282752,24,15422132,2746355,1
224677,665,6902358,28,18844387,2560274,1
180741,413,5781545,14,13548466,1862438,1
299512,397,447913,25,18110704,1414524,1
47333,461,564918,17,8840091,2503104,0
91419,317,707930,19,19048178,2589539,1
241222,506,7041280,34,11519299,1093634,1
136867,842,8990891,31,12276284,4492849,1
97732,390,7648210,11,13673622,2204165,1
113525,388,9191879,33,21071890,4827667,1
274544,839,4846809,33,18218966,2599400,1
187228,393,7055637,11,416652,1554066,0
108237,476,2719431,18,18215848,1983517,1
69006,837,1914131,23,23448585,1821109,1
298029,639,4577215,17,13466569,390522,1
266103,813,3364921,35,18339232,4510922,1
98828,476,4447814,17,2677030,2331218,0
204188,477,351609,31,7320930,3431274,0
46096,344,1259031,27,14130421,2259117,1
201607,393,6843918,34,23634237,2972341,1
254175,399,3069818,34,17146224,2526719,1
110603,588,9600004,32,1552868,4894250,0
101843,824,6141425,9,3793813,2319947,0
141741,866,9354962,0,17929454,4827750,1
146787,679,8225704,19,14013851,2361037,1
86348,779,7064864,26,15745890,1388052,1
31410,788,859170,1,1897094,3413782,1
114698,772,3862330,28,17207420,2133998,1
268452,376,2192973,17,7472017,1914250,1
223376,388,6908112,9,3308671,3816403,0
289227,546,3067055,13,8974035,2045737,1
263183,618,7758419,6,12470931,2535659,1
183189,414,5228553,19,4114674,4848366,0
66434,858,5718815,3,8684776,1483294,0
211344,635,1744141,8,5045630,2655443,1
156400,559,1666592,30,9172058,3503206,1
167650,887,4304042,6,2292732,2625524,1
237471,661,4420699,5,8273737,3591221,1
152639,819,6161103,33,24885880,2971424,1
107913,702,8858698,17,686152,2357486,0
150325,799,8529576,20,16459023,3883667,1
202151,367,3719418,21,16633875,428224,1
35252,300,9190632,11,1655253,748754,0
270883,570,9629898,1,21133034,2727616,1
141897,438,9344868,35,20827132,3911878,1
85828,602,1722246,7,22988924,4111004,1
198512,376,6702646,9,21840831,2549741,1
47566,775,3489347,25,7927066,3233743,0
247587,483,6441718,33,21404483,189041,1
244704,473,8547815,25,20015071,4619468,1
51830,530,2344869,34,14226694,845635,1
41647,372,1675792,5,7500641,3331651,0
39543,391,2027094,17,11139906,4173489,1
79523,509,5652151,21,10620649,4892406,1
131572,335,8506750,0,10588750,3718037,1
251584,316,6845936,8,23241452,3966773,1
130598,485,6700727,8,9359749,2659118,0
86326,716,9736903,35,2359844,3120279,0
222214,319,5340200,15,1996643,629714,0
70823,784,491597,8,11484123,3989070,1
174039,472,3562346,24,16456009,2133800,1
159872,491,2931160,31,5021870,3450621,0
202490,761,2150437,2,3910834,4516986,1
91163,493,3384701,8,15026380,2005487,1
220712,372,2898193,0,5954002,4907343,0
297892,508,2345923,13,2642820,3341492,1
89091,806,5896487,34,19820600,4828492,1
163658,314,2887489,21,7535904,4469001,0
35155,620,749843,12,646720,1878957,0
212745,401,9702235,21,7989313,4490053,0
194733,562,3660353,32,4974433,3444761,1
254815,570,8493877,18,21709116,3498373,1
32247,802,7243034,1,15394369,4463274,1
89214,740,5786101,25,12166424,4830303,1
259792,802,6490837,23,12361173,3559761,1
277538,470,2599940,19,19694726,1860986,1
75329,554,5786813,25,24668299,4170186,1
93060,535,6613135,19,14294594,4456484,1
213675,702,5054194,35,21088260,1890578,1
124911,366,711574,21,11622482,655075,1
64143,548,5433269,12,9948938,3603861,0
74355,754,868671,0,3678492,4776230,1
127920,518,4057598,20,10905898,4497128,1
196145,852,286490,9,5667450,350363,1
253054,728,8375546,30,11767799,4080021,1
180787,804,192104,17,6284560,651673,1
61251,688,8833133,29,5727021,3932409,0
34786,310,1696460,26,24030943,1669204,1
159272,709,592550,32,9962456,3669240,1
111510,847,9115283,32,23201054,1771334,1
47597,448,9048737,0,12984048,3212251,1
137210,760,9914506,9,18160023,1025878,1
226081,805,1612018,5,10038454,3094210,1
162844,893,6282702,7,8072853,1167730,1
68108,341,4101489,14,9583181,4975915,0
297986,685,2281098,35,1307671,4993704,1
254526,354,7518947,3,22209632,3788946,1
250950,530,8424683,3,10837363,3062654,1
186158,389,4780257,29,4663328,4160794,0
187666,639,2640674,16,16228050,1136489,1
177863,424,3798749,8,5088147,3794938,0
105123,330,9860399,7,22879101,1346401,1
32765,637,3321851,27,6580634,3878620,0
125640,484,8043347,24,19424293,2875755,1
35007,385,838180,20,20380935,138161,1
81085,776,3783087,15,19828529,3727927,1
69111,425,8709990,18,7809908,2655242,0
39920,339,5308850,14,18737645,2948142,1
34202,345,3950099,32,20665164,791553,1
240043,607,7132565,28,11733449,2869023,1
56333,790,7265570,19,17742863,2088936,1
217168,863,6110412,6,4056487,2853146,1
226198,520,8064575,13,23039343,892941,1
224019,420,7777336,14,8405247,3009950,0
48963,799,5856763,17,20498589,1791137,1
132177,859,8807818,25,1433491,4738834,0
75647,885,4646914,12,7425514,1364520,0
234188,511,7537677,25,10294095,4493394,1
269745,851,9865824,27,7655503,351374,1
213127,872,513308,11,18395825,3397639,1
161859,401,1551831,30,13528326,618731,1
238315,513,250527,18,16770508,3493999,1
275374,518,1370013,33,15684650,3660316,1
90345,720,7574080,34,2234352,2649952,0
160499,404,8822512,0,8357833,621687,0
163310,894,5918108,12,4484466,4346988,1
159341,757,8788589,31,467041,3908067,0
152354,417,7078657,18,2089665,1993063,0
272630,366,715904,29,11828544,1042251,1
221929,819,7062116,22,1665178,67083,1
72329,774,4356469,15,9757476,3601973,0
172178,672,9678405,10,6729892,1800500,1
259321,397,3493687,27,20372653,3955695,1
95588,683,1540121,18,14305615,4613868,1
98498,477,7752329,3,9897105,3298573,0
194356,524,3037072,2,4976279,419552,1
292987,403,1515813,31,15640814,3112297,1
64321,334,2177089,31,1267575,3898130,0
199494,824,3911903,31,19401040,60812,1
150954,546,7679517,19,18686093,2816789,1
38326,807,3155365,33,5440776,4282698,0
269414,774,4739777,5,10510677,4795913,1
30170,502,132084,33,4505978,4971250,0
134673,761,2144002,29,2786541,2083987,1
216982,405,3570055,5,14493044,1302804,1
240646,304,9320506,26,19183360,1690106,1
124413,580,3437542,6,21082142,2946254,1
76128,309,6895357,7,4151561,2891449,0
157847,653,9637656,6,14531497,907250,1
45979,478,8383165,7,6852860,3706545,0
253009,824,7743299,9,4433377,4323164,1
66926,447,8819846,33,6921888,1196403,0
267127,895,5663364,35,22070225,2639509,1
114316,673,6823268,19,22311249,2221738,1
209681,328,4610964,15,23291580,735085,1
196017,823,3850666,22,1355764,792686,1
121173,609,7077953,13,4959950,900064,1
58675,837,1801354,7,19492701,2417398,1
238554,319,1884689,3,19016886,2220426,1
206276,774,6778678,32,225555,843628,1
183515,333,5060559,23,6773064,2443010,0
81678,361,5604216,28,9771455,3523949,0
271511,411,8224557,1,15974675,4347939,1
235340,818,6082847,32,18947052,1606950,1
52174,626,2512186,7,15580681,1384772,1
216154,556,5047451,25,22194460,3913561,1
274901,511,3424810,15,4545127,2544346,1
48141,841,1725905,6,9201022,1049894,1
80285,682,6043810,29,13368535,2618568,1
71930,545,7239867,16,14313998,3280511,1
276172,403,3818291,31,20679606,2612275,1
174241,528,3233849,1,10378404,3935097,1
194775,900,7871756,11,14488641,1191827,1
258173,601,3200007,35,8055056,958481,1
240366,417,4165026,8,22395541,4935320,1
166452,526,826708,2,2664926,826410,1
241120,803,8028654,22,22802204,4275744,1
81051,309,2482522,6,17443698,4169874,1
279756,523,2378725,2,23564094,1571471,1
104414,345,4471103,28,20854538,4016479,1
147650,419,3340201,31,7833810,779839,1
221480,675,3661988,24,15069634,4926045,1
78425,871,4000667,35,1593101,1170254,1
89026,717,5897959,24,5895392,4652405,0
227729,826,2903396,34,728911,724820,1
166855,314,555387,14,15642240,2499663,1
241893,413,1088471,16,17748606,3695096,1
176175,525,4954941,33,14962090,857953,1
202521,749,856662,20,1393280,1196443,1
230918,714,1608313,31,20287278,229294,1
187336,614,4221094,28,16717479,3194047,1
204368,420,6538485,29,24864749,3280245,1
250051,868,2610622,6,22993644,828502,1
233422,407,9861495,1,5235116,2230329,0
35568,825,7987037,4,3567449,868096,0
245994,823,4906824,4,2263932,368756,1
233382,731,8291427,29,6929781,4823141,1
213294,649,5844987,19,7148935,1465438,1
168771,432,5349919,6,10451313,652173,1
33982,711,4145146,24,11999269,1928902,1
179060,523,8501683,30,9987801,4642458,0
68878,798,9050625,17,4972642,3609838,0
32930,707,9262859,10,10114468,938518,1
48237,693,8933076,18,8432448,694039,0
176389,747,9374075,3,17445248,4932624,1
194961,703,3518869,14,21316113,2996365,1
93116,597,7795798,11,12268882,2648538,1
92881,715,7542881,24,7931069,4362667,0
124822,610,6970934,35,6969234,165541,1
46202,634,652605,18,9742164,3067589,1
207906,860,8562403,20,12681739,273823,1
55692,371,7905947,20,7482089,999399,0
152937,755,9939513,14,7650719,81996,1
151595,362,841773,11,20352971,1433407,1
223408,748,3186348,22,22798639,3358331,1
38509,412,9484393,0,24973078,3489946,1
190749,533,8595844,6,9181757,4145529,0
247927,728,6291438,12,11859256,1219759,1
64176,780,1454881,32,283828,870819,1
134003,361,8579827,14,16892318,768982,1
250136,776,2874386,5,21948192,3210083,1
113166,842,334884,11,22199935,1427796,1
239848,889,223669,8,23541852,4388124,1
183239,895,391066,23,16479545,2913057,1
83059,357,2637701,9,7193825,2228150,0
165333,535,6953695,9,12989412,4644459,1
149730,877,6657620,4,17353446,1324186,1
222854,546,884141,20,24692698,3189855,1
211412,577,4207289,26,10697379,3688270,1
266599,752,8428491,32,6386563,709796,1
237169,825,8453076,32,15523684,3290747,1
181158,506,7309813,33,16903553,769990,1
167515,404,251026,33,9155253,3501557,0
193760,864,1263459,23,6479039,3653645,1
58403,771,8631243,19,19072635,745492,1
174018,790,5328400,32,1184992,4489622,1
154305,657,1067359,11,9057290,670542,1
110251,329,7615791,34,23935396,3215456,1
268887,315,6998012,33,15354970,3010928,1
240695,435,8347793,9,2808189,730977,0
216240,725,4188079,0,9214460,4028707,1
298998,561,4453657,13,3378092,3232110,1
291254,415,7504296,28,23620819,3647043,1
127264,437,6930051,18,10558827,4624890,1
93639,346,4817162,17,5655396,2034191,0
187271,622,7287930,19,16448550,291646,1
298312,598,4394298,22,6672102,4406947,1
268812,348,1132801,26,654916,2709611,0
72681,307,4717420,0,16661333,4001974,1
149433,834,9843083,10,14647002,4929557,1
231686,881,9449961,31,14274178,2760766,1
30648,353,5867711,13,14433045,4629338,1
34989,867,1312643,27,19016381,2256184,1
196725,851,9209692,0,9827872,1925257,1
209234,408,5752167,35,13605264,2975774,1
30697,595,9320446,1,5446911,4053282,0
108718,706,1780090,6,18144313,2263896,1
296851,532,3334463,29,671660,2507756,0
43547,700,8925210,0,6655387,467260,0
58119,323,614623,34,15695195,1929170,1
59833,470,6941814,7,23545367,3189208,1
64085,611,4500003,14,3617148,3758162,0
190724,724,4302167,5,14704793,2012384,1
200538,474,6265702,31,19635153,1428702,1
292090,351,1131791,24,16917398,4609142,1
261493,603,8215467,22,16405528,891005,1
127374,558,8702464,10,7296596,2136632,0
268457,733,7469802,18,22871931,4020744,1
46503,364,1803373,9,7818763,2639865,0
296535,837,4446311,33,2785661,4336743,1
69984,772,988594,7,1922990,498073,1
222063,709,719094,24,21391310,1097360,1
214938,501,8409488,23,8111727,1589294,0
138967,571,5834386,24,7561673,3442160,1
203975,423,5107712,27,18864112,2541404,1
190126,556,1145516,31,5155501,4991801,1
285212,761,9763021,0,18564279,1054598,1
274793,507,7370604,33,1959985,4590974,0
279316,815,9564905,28,15154464,2335997,1
60561,680,7972508,14,21631245,700907,1
42705,815,157091,18,2267626,860536,1
53269,352,2745395,32,21214944,4216595,1
119109,759,921578,11,2526850,3188553,1
218293,811,4368626,28,18065366,996240,1
32969,635,7158559,28,22153512,52499,1
129522,741,8013479,25,16732669,1904255,1
125405,377,7844180,4,12664443,2419259,1
276801,577,5867574,9,13231426,987368,1
93432,596,8177059,11,16260668,1025463,1
292256,885,6425897,28,7552161,2451728,1
217179,380,4649748,35,23927790,156431,1
65367,471,3013049,31,13947087,4665636,1
247397,669,840781,19,9390703,3032784,1
206027,895,6938703,17,3872108,305743,1
168577,545,2288489,28,21267106,2051366,1
206307,416,5820205,34,7095123,3167791,0
283230,448,2247982,16,19613449,62581,1
140520,859,4036840,35,21584134,3321487,1
115846,385,7865168,26,16656661,2569738,1
60405,639,1432454,20,8301386,2148205,1
168596,886,9979882,28,23691394,696712,1
72282,378,1660370,2,7664004,3903959,0
102482,441,2205251,2,12075565,2628412,1
218241,317,8354711,18,697839,4323337,0
291099,820,9238432,32,7979217,2601859,1
141989,737,960500,7,11862752,2344957,1
71376,708,6037031,22,11967315,4277475,1
71056,332,3933113,15,5626552,4387762,0
214049,390,7991513,18,14420850,1202457,1
284341,469,2938746,31,22167136,2452596,1
190266,818,7837600,32,2796877,1263283,1
236821,443,3204712,17,11440127,1057865,1
186279,460,3424938,22,9895412,97595,1
114352,888,8588062,7,4030265,1047288,0
94904,535,1650394,11,8136727,4269024,0
216924,655,8169266,3,9588279,4882357,1
41932,388,2952715,31,19477313,1345377,1
51236,361,1481475,4,4119674,2802694,0
267370,351,5539354,35,6883998,2574116,1
205734,686,778931,16,6215337,3018196,1
34873,501,3133076,9,22115139,2642902,1
124947,536,8191192,25,8830716,454728,0
50765,745,7660598,8,11431847,1295238,1
144114,443,4731966,18,2695583,4211867,0
246387,426,7949896,12,19226796,2268372,1
217225,662,4736927,33,19346594,3082607,1
62387,844,2828059,7,14551023,3487821,1
279127,490,1952634,14,19360178,2677772,1
119801,775,4462502,20,24303404,737231,1
233089,353,3959281,19,21186497,4698506,1
85990,858,1467200,21,17769348,3378147,1
197976,759,807450,21,13381630,2780453,1
295718,566,6919937,35,18944955,1197263,1
163876,406,3944347,19,13790729,2462049,1
83369,640,503346,9,13881669,2354290,1
207924,333,7463147,4,13207712,662729,1
230789,665,7050153,11,9782063,2511277,1
202772,768,7961970,19,19475518,1847587,1
115215,611,2473899,30,2947517,4074998,1
32100,717,8682668,20,18740841,4427180,1
55439,866,6195990,25,11484515,4252250,1
171802,637,276127,29,15054232,3049457,1
162554,578,5095561,22,7126614,3649965,1
258071,861,9773225,17,17638274,3847142,1
285617,689,4461642,4,5259933,2340189,1
258732,384,2104996,31,17360644,981732,1
47428,822,1687507,17,23924339,3185590,1
211234,477,6121411,10,24297427,2108163,1
191492,837,7007217,10,19320459,431977,1
72118,352,2806371,1,16379440,1905039,1
130937,644,5098690,32,4459153,4695025,0
77208,669,3452906,0,5088460,948180,1
171403,397,4896663,26,16359502,1428304,1
266951,638,625618,33,7705702,4428873,1
147184,822,6196095,35,10717572,4823189,1
149645,833,3698740,0,13285810,1309776,1
67576,390,4356801,20,16745819,3742987,1
256042,506,3060525,23,1601003,1645194,0
53482,753,8149568,14,21407349,3641144,1
250903,304,5541106,14,814104,937522,0
189724,517,4434942,33,5681728,4016497,0
132729,551,6888928,14,17704642,3271603,1
91354,834,2037935,14,7734570,4881641,1
98276,372,5444899,5,22449781,2905625,1
215437,562,8000539,4,18808859,3984581,1
128549,482,3367828,30,23767315,2109040,1
251196,578,4195466,16,22122796,4282327,1
293377,871,6828957,9,4463204,3668264,1
253119,511,7326306,28,6126905,2194556,0
202920,655,3713549,19,8388737,489574,1
80753,884,9931981,8,11747239,4783973,1
261839,368,4967822,15,12994712,994561,1
151516,868,3343941,6,12885443,2463948,1
97979,523,7929299,35,260031,4027767,0
280388,842,8626611,35,19251108,4135183,1
248317,594,6080262,15,22561263,3596500,1
232039,791,1634838,19,7709977,3297952,1
72421,345,8226125,5,13038833,4818799,1
177681,702,1865282,0,11763670,724415,1
269696,496,6458940,1,4141768,75799,0
151822,572,6273504,1,24023207,2022815,1
196957,508,1250772,23,7850115,1995788,1
164116,603,2954517,27,20844670,1794062,1
128898,860,4169784,14,14712938,3731791,1
152876,855,1900101,16,566334,1300161,1
68169,866,3417396,26,18289485,3249973,1
168567,506,3666224,5,20468011,1154927,1
117966,480,2466023,7,6594791,4728760,0
255702,590,4667264,1,18193958,334574,1
87879,628,3599814,19,17446802,2846578,1
114019,504,432389,9,1272156,1212843,1
208969,759,2323772,0,22253253,811325,1
284203,336,5384507,18,24372748,4332335,1
174967,410,3818555,11,19138816,725614,1
174111,300,7508322,28,6867091,4185355,0
250913,864,2285186,8,19682721,271765,1
194941,826,219261,13,22121111,4088690,1
37692,834,5859994,29,2134608,1027678,0
157161,752,6317764,22,3831917,1538271,1
284089,474,930611,5,3405943,3186771,1
297579,309,4233808,7,19794646,414020,1
178673,569,5743441,11,15046033,3424656,1
152557,802,7282993,19,18512886,2980724,1
155456,466,8451674,27,9648618,4191376,0
188941,735,9635296,19,5729387,2773884,1
203505,616,4856695,3,18312815,551500,1
37963,891,8305637,9,11603024,2077845,1
55256,725,7470253,12,1183098,701350,0
155335,759,3662951,30,21666947,2046717,1
263524,661,3948874,11,11001464,4352844,1
210650,427,5692990,1,2188732,269414,0
181087,570,7657496,23,23744894,3611981,1
270967,893,8771627,28,23050201,450470,1
268429,884,186451,33,16478729,3639527,1
135345,333,8844153,0,13856217,3908030,1
251917,507,7356136,5,7431242,2531153,1
133588,811,1146749,24,1783475,4285477,1
115877,679,6358179,22,15163046,86563,1
280482,753,432560,15,18983080,3284800,1
98800,492,3790342,26,23523529,1733698,1
137041,727,5924361,28,13738458,2276631,1
102803,425,4394942,20,21094808,922514,1
241320,728,3511490,9,13651370,1587724,1
209791,327,2366241,19,23232228,2758708,1
291682,847,6643324,5,20197546,3182666,1
119385,843,6322092,12,6694005,2451458,1
293124,794,1289865,17,7383284,4140858,1
110946,410,9932497,1,416478,3667404,0
126882,660,3067873,4,14717614,191806,1
125222,443,3271135,7,16329141,1057262,1
210615,398,2140491,18,9921130,3892269,0
41770,430,9707410,21,3763454,4044499,0
61218,857,5930684,31,13887740,1766025,1
88211,454,2046797,1,13226369,480345,1
220181,672,205599,0,5129014,185929,1
70399,487,6931134,4,3465863,2832407,0
236320,872,4473363,35,2790623,4816322,1
299623,573,7277959,2,18879129,3284729,1
269103,425,7760729,1,18285299,2451214,1
173414,523,3903404,14,1499622,2166740,0
66144,469,6128755,4,9363517,156971,0
280186,647,1612869,16,6064092,1265509,1
98446,819,5852446,10,21892652,4608200,1
130530,860,6938923,14,11695541,1416039,1
186090,796,6638992,19,6465368,3360815,1
284234,845,4804794,16,7963055,4476924,1
216123,415,4528056,32,14946366,2598421,1
142066,829,8310953,7,22323246,3326580,1
134801,464,6329838,7,690144,3594668,0
85921,819,775098,3,22271961,652415,1
272020,337,7985488,6,13072867,4688352,1
268266,806,2706935,27,8717240,4361446,1
53815,533,7763013,5,14317432,3011634,1
87299,444,814810,18,10303006,1425756,1
274920,674,6806909,24,12721451,4134353,1
197042,361,1855408,30,8022292,441876,1
275919,319,8567384,19,14755575,21227,1
203807,635,805144,30,21984002,964758,1
148015,833,1130155,29,24382591,1760714,1
32869,627,3358993,32,9312547,3989369,0
82634,691,7437344,33,11045626,192648,1
132489,491,6473257,20,10368631,374158,1
234868,395,5628964,16,7509872,4225497,0
67952,546,491345,31,9961595,4178996,0
175633,388,2353866,1,10168015,638678,1
284823,572,5230092,7,5761601,3152425,1
37167,634,6919293,14,21666644,3070317,1
258511,562,6313801,23,6486154,2004413,1
231346,530,4135616,1,23917438,3838596,1
139914,804,2354924,4,21158255,3129317,1
268669,371,6551558,8,20084847,1378759,1
140056,724,1870700,5,14722583,1465427,1
194177,459,8296546,31,14295670,2357394,1
177922,894,3901744,35,1465025,1984059,1
198656,380,4161596,20,23731168,1027467,1
173158,577,5625516,29,18789217,917798,1
60713,401,188751,12,7261550,2285727,0
165609,395,1628491,0,8539430,4754210,0
170623,668,2846922,16,21533808,1380844,1
124316,810,8024573,2,17794354,2121703,1
60403,648,6840794,25,24715071,1651667,1
285772,659,5795975,27,20273743,558425,1
286578,673,2406822,2,4955677,1784100,1
152048,390,5299715,8,2417516,2068882,0
242975,597,931276,12,10358554,889215,1
168972,715,5489711,10,21262425,494556,1
290255,541,1939105,15,9026625,3020322,1
91052,750,5536020,9,1652293,4257850,0
95506,387,911011,16,14669280,1283550,1
293876,543,2361290,30,3833949,12150,1
209359,746,5649139,2,1507223,819816,1
225187,458,3536547,16,16541401,1959402,1
255848,464,5266823,34,22685798,794335,1
219892,580,7080076,7,15534367,3586486,1
227546,627,225669,2,16074275,1065275,1
292039,323,8211511,29,20076932,3863743,1
216306,487,5908450,33,12088207,3604631,1
48378,747,7274303,22,9748424,2990159,0
193914,847,8180305,28,24380336,1923872,1
113858,504,496113,5,9786034,4748299,0
229016,733,8604967,33,1073087,1779183,1
126737,844,9498629,22,15400929,3472029,1
96608,523,8976682,22,22640337,3400059,1
271872,783,3446313,21,6054401,4934229,1
271462,352,3369645,25,19591536,3300276,1
185840,337,8254659,24,1445141,290118,0
88757,420,6495336,16,3841566,2216542,0
219482,655,8082404,32,4751270,2560129,1
246150,379,6352868,30,14177115,2700584,1
123129,365,5231523,20,6201892,3800086,0
186451,737,4972805,28,20896367,2625069,1
212586,434,6567189,5,23615356,4918982,1
172012,846,5563214,34,24830546,4629757,1
45721,544,7295557,1,21469747,3191050,1
176782,874,8572059,11,17448808,1479302,1
142155,586,7686953,14,1273546,1589040,0
224370,532,6022886,20,6794338,618538,1
67254,461,4969802,0,11675789,2261621,1
49370,478,1992241,30,20874338,503820,1
182513,354,7780274,1,19471347,375850,1
176358,415,4459560,31,18226993,1851689,1
179571,371,6834970,24,19253664,851060,1
99969,312,9812620,19,20894803,3080186,1
143167,520,2072198,18,17603103,3555011,1
238517,566,2882203,31,19571637,3055842,1
245574,433,880561,30,667315,63747,1
210776,445,9538764,22,19610442,2205250,1
45999,621,1362656,10,4845475,2330816,1
274245,552,4891577,11,18302437,1483253,1
296470,675,6271701,20,3891244,3595024,1
66813,629,7672012,15,22842431,4796826,1
255853,876,4412399,1,3053989,1952770,1
43956,319,3438024,35,19178897,1915364,1
172169,736,8883191,4,1362985,3996871,0
196384,739,6458140,11,24875069,1553368,1
190798,412,8811308,6,6217106,3616087,0
134107,701,9747296,23,24261050,3562684,1
125643,427,7805316,2,13067259,959494,1
73570,740,1618541,9,18499074,1110664,1
39518,870,3755490,23,7482766,3355271,0
205679,857,2647670,4,7980140,3638620,1
174844,715,2984604,29,6240412,656305,1
250093,837,6873384,13,14771191,4832476,1
80466,541,4793915,2,8313214,1313286,0
163582,553,194939,11,17748223,667188,1
199027,844,3096629,29,10391590,597753,1
250764,576,4649827,34,16550801,321259,1
128778,871,9161862,0,4047060,1074191,0
262247,708,9768380,26,8140024,3710570,1
35030,333,1944714,2,11802936,4458560,1
236867,582,4598436,12,20356733,168613,1
199596,311,807550,3,21098525,25883,1
113959,895,6026573,28,17510632,373944,1
145516,300,2837665,33,16863546,2593139,1
224411,309,4615576,32,14633063,747157,1
238132,829,4418129,13,1436984,320910,1
289802,757,1416105,3,20805738,4893405,1
261501,800,6227470,4,15253275,2466172,1
259553,671,8908273,29,1454265,297865,1
94919,580,2042275,32,16613006,2690198,1
83294,415,3559030,14,10096800,3399010,1
36414,848,357266,3,7476381,3465342,1
121162,791,8423133,11,12836955,626727,1
32228,462,5405694,11,5095235,23265,0
144836,349,8029244,25,16030011,3578888,1
143969,381,6905545,1,11014866,3242898,1
297443,487,4529286,21,13509059,2617422,1
228664,385,5008358,20,14406420,4195637,1
183878,694,1312236,29,12396359,1896644,1
150549,820,6097757,6,9729532,4133894,1
201376,431,6879402,33,18149576,3249978,1
290324,606,324254,21,21166706,2456831,1
173730,899,2844801,35,22546279,1890873,1
87187,777,8923127,12,20309433,4417618,1
283776,679,3067892,26,10788691,2074226,1
108731,309,5207365,33,1549046,394389,0
97687,456,5350169,31,2040779,923395,0
229284,826,1456054,33,1582454,4133598,1
160477,565,2688860,13,19201461,4967065,1
73076,498,183600,6,24700239,2095915,1
219310,341,682993,18,1524634,1449142,1
74788,545,5194240,35,224099,2765767,0
162732,830,6420744,15,18622939,2352295,1
102499,322,6137584,24,17635265,3923795,1
170386,772,2964012,15,18131990,2637575,1
30837,894,4264841,7,3853343,858501,0
46230,879,5301618,20,2875628,2926217,0
131263,822,7619289,10,5224085,1224409,1
157635,314,1163370,23,23702959,182536,1
225820,533,9438791,28,12658710,1771033,1
146107,511,3672155,23,22488171,589542,1
147742,659,1439984,16,10370048,2940994,1
45133,373,3292896,25,21177902,327502,1
64415,860,2522793,32,275381,4636260,1
51676,372,9445962,9,12995296,2727487,1
54253,321,6684568,25,15261994,4771932,1
121655,670,7513130,25,7075402,1488711,0
80021,643,694633,27,3783362,4467008,1
63242,300,8320331,10,12122196,828215,1
253720,395,3328274,8,4218835,1476673,1
232732,337,1547647,7,17484120,2915177,1
159122,315,8921807,30,13816251,131242,1
33357,463,1348898,6,24092319,4948748,1
74183,517,9016959,6,23631504,4304884,1
291839,819,3020704,28,1610387,2120253,1
256829,335,5533751,21,17136894,4990657,1
128667,448,392833,21,12186509,4935181,1
270104,812,3591458,5,4960096,3075735,1
241791,706,558895,25,17168537,2960223,1
211370,540,685573,3,389979,2029741,0
219881,627,1165697,31,17408326,715409,1
287536,841,3938020,31,5133412,2622420,1
204653,346,1157939,12,13637087,1113395,1
106685,349,6545432,35,2426829,2701891,0
217644,512,9933154,25,3678948,2761120,0
60455,814,2319492,25,6419370,1082500,1
157524,365,6769171,18,18453360,3813818,1
95300,878,6224329,16,18053303,2066619,1
168754,586,8758522,3,15051240,2783286,1
239354,334,2170903,12,12982946,4607715,1
46738,749,7168220,5,9463367,3085172,0
167308,392,2779732,24,20810951,2879546,1
150728,876,2914274,29,7839687,1727272,1
40242,442,9636718,7,21267016,3020134,1
277078,786,7714293,23,17765562,4308374,1
298771,863,6402285,4,12839657,4979123,1
86824,519,1385823,5,1122510,2020644,0
72666,636,5002069,24,20046027,3631040,1
181462,868,7369772,25,22921410,1321244,1
119614,523,6268549,1,21569210,3138298,1
73878,343,2402488,25,7136858,868701,1
234792,567,3146398,12,2560495,1532971,1
233999,528,6017413,26,13948999,1630891,1
222482,604,7861439,6,4223385,4721272,1
95833,464,5236037,5,22579920,1552728,1
105698,454,2266534,2,20000165,1927948,1
73916,632,1376190,23,16859003,3379551,1
69184,699,9046893,35,23912371,787035,1
32109,390,3409601,11,14581527,201878,1
238479,485,2284827,21,12270010,4106293,1
237028,435,215117,13,16373292,3891485,1
172893,883,8985854,17,4617292,4753328,1
88063,879,7030423,32,12881149,519228,1
273889,773,9823267,15,18777609,392627,1
193467,679,3243401,20,4787634,2258092,1
154758,385,2548031,17,15803195,2399078,1
54220,681,9975120,30,9175453,3528591,0
154791,766,3139070,18,7417644,4140178,1
36267,730,2246963,31,21430190,1442675,1
218910,396,7489526,4,13126091,3037806,1
68379,648,9227844,1,10896372,2026721,1
99703,745,1870129,29,15289612,1625315,1
123799,803,6028255,25,12948234,3675520,1
45367,536,9644814,34,19542757,3061969,1
245507,505,3992008,7,13795912,368929,1
198418,581,4427871,10,21190603,942491,1
129923,301,4209927,8,22212107,1697324,1
124206,571,2951911,24,8116411,2372024,1
169161,715,2497238,31,23758147,2779251,1
186488,725,7333099,6,23177199,4059948,1
156623,886,9256674,27,6945421,1764114,1
165944,897,1595331,2,10110248,825101,1
249024,723,3267473,7,3687541,1390692,1
123458,812,5352564,17,22426504,4640831,1
257492,681,5082678,25,17823279,3547814,1
129223,543,4040213,12,11751058,2439313,1
126439,581,5258488,13,6285454,4534485,1
263029,639,696776,23,22793435,2659156,1
50248,561,1475043,26,24562008,2175135,1
49877,864,5061639,4,1898711,1438108,0
261678,323,4248163,33,18400147,2488448,1
277267,305,7669716,30,2425263,4789227,0
68077,837,5349525,2,22122977,3001534,1
253586,301,864735,28,12064808,2198440,1
185941,529,237795,3,24185098,3370364,1
299791,593,2376144,21,967281,4049932,0
261014,311,3097088,21,24237392,4909331,1
143030,814,8457258,29,1718656,2976295,1
143743,744,122633,20,13442180,465554,1
142917,644,7497492,27,7464308,3417257,0
201750,508,8767937,22,3597782,4987985,0
76652,319,9363037,28,12499024,1734966,1
207537,435,8954729,5,16545514,2144710,1
82739,646,560017,31,14159879,4699927,1
149756,596,7902223,9,2919034,978855,0
190302,691,4436228,24,18073771,3879761,1
219614,378,797315,9,8671376,2056674,1
247832,552,6444570,19,10052407,3123863,1
114747,849,2355615,13,12418928,3415131,1
64956,733,9816309,17,21020940,1191905,1
251391,600,3804559,32,19588395,822487,1
153720,608,969027,28,16911922,4321863,1
243795,856,9401310,16,13933630,1513025,1
240902,482,400697,26,7787687,2230844,1
62146,710,2996630,17,24076994,1241358,1
182428,747,8357641,18,23028174,2709698,1
230804,410,5556647,31,2558980,4191336,0
141568,317,6855624,27,20394531,1893779,1
246447,397,135458,22,24220382,238833,1
136375,845,5498326,29,1577585,1065693,1
146055,458,1157254,8,18525453,1038462,1
240362,745,3593783,34,4694271,424307,1
202461,459,2245755,13,3374942,3589464,0
66409,449,2912987,32,12134881,554112,1
113001,845,9176136,8,18159231,3840558,1
147150,519,9487429,7,20854684,1920432,1
192224,362,7838620,2,11578970,4736945,1
51886,354,3280889,27,21386180,3241670,1
262025,781,8629207,25,7409363,3354139,1
120288,430,9362009,29,9734384,3046855,0
262478,884,5470098,9,1830834,2185315,1
163691,331,4379859,17,9666873,1000451,1
97485,899,2303088,18,14916055,769557,1
273954,553,6832707,31,20084980,1001898,1
172837,860,4046092,27,17602526,1192619,1
284036,852,7652429,28,24670544,1724361,1
222459,814,9542469,22,7585346,1842326,1
201573,402,6186970,12,5070442,4151647,0
98628,513,4325221,33,5503966,1787725,0
238910,653,1940942,1,18078296,4091188,1
210270,506,5505545,18,23403655,4210539,1
134415,703,208175,23,2581842,1015209,1
30240,873,3397789,27,7545786,3953884,0
242887,660,8432573,24,1717144,1091216,1
36812,612,6647682,22,1065527,183321,0
214512,771,3045874,10,21989125,589195,1
121733,757,825330,33,22474382,584693,1
144013,780,5252377,35,15177627,2025985,1
214470,556,6832288,19,15613068,3998861,1
80064,357,9326473,9,4315965,3746932,0
228776,744,7277044,15,13104953,1780131,1
46164,365,6439545,18,2546814,631404,0
104121,632,8813248,4,13461283,326606,1
184189,319,6900038,34,428274,4911670,0
194901,520,3292563,0,194355,3517923,0
228447,550,9757847,4,3032907,3411683,0
114575,557,2227013,2,553425,887271,1
130764,581,9593661,33,5182968,4419799,0
135099,370,1996118,34,12591563,1817816,1
185323,626,2963132,20,9562363,1092022,1
174314,617,9406490,28,22308980,4052395,1
272971,652,2432412,3,11908194,806789,1
100520,722,6611990,20,8565343,3444059,0
93904,790,7810522,32,12165111,167109,1
256245,519,6397852,26,8898204,176815,1
108632,804,1744074,18,1184163,4846093,1
237586,662,9527293,31,23035449,4406119,1
98764,393,7011393,9,3818009,999381,0
85945,623,6526635,2,7070687,3150206,0
159608,474,6865093,7,11904563,2823782,1
266580,462,408106,35,17748374,3859583,1
280360,882,2822327,18,8230791,3612632,1
69382,552,7322819,6,17925935,2748491,1
38368,300,5552783,9,5178915,1536687,0
281811,672,8910200,13,8262040,232243,1
180725,528,5712030,21,18307579,2300782,1
291165,464,4551738,15,19127419,3554199,1
140735,570,185669,32,4696691,3100708,1
122329,360,6973812,11,3492405,4595051,0
189355,737,2848044,13,2916897,1445334,1
217069,567,5642734,4,3950610,3550875,1
284771,545,4136498,32,11204796,3936826,1
274113,847,8468578,5,23388587,420597,1
64654,874,619044,20,13594231,2117637,1
49727,434,6757240,33,15673467,4392567,1
69216,852,1093905,29,13118442,3182444,1
153486,403,8273222,3,2298696,149141,0
76935,409,5920394,11,11933827,909277,1
89417,471,189762,32,3051016,3482036,0
294129,690,330775,29,12305867,4780833,1
95134,856,8893917,8,14021818,3075915,1
206662,446,3902446,35,9609026,4151880,0
70278,402,9620433,15,11908195,2795194,1
181349,561,2804345,23,17370121,4280045,1
104963,706,5759625,35,14035222,1006793,1
58448,364,9492496,0,10172092,1885672,1
84379,835,9280406,33,3968886,56822,0
50678,766,7518844,13,16433985,1093664,1
47902,853,7314999,28,8552554,227662,1
193644,417,6204238,34,6031972,1323679,0
58026,501,1820929,19,18632941,633690,1
59833,843,705240,27,14678177,1964732,1
257246,373,1365380,13,4332777,3962471,0
152192,744,2591125,28,1343788,4454055,1
103311,789,8589976,21,1403398,4450651,0
194039,564,4944667,27,5807801,2326630,1
90118,739,7121219,2,6164426,213148,0
149563,726,852047,18,13242903,3229194,1
61732,813,1718556,1,3266972,902394,1
63028,311,6153010,20,6486293,274837,0
96487,864,561323,8,24825201,4557173,1
47991,351,9422759,31,8889904,807181,0
89648,391,8979520,3,14666803,790945,1
105626,556,2245026,29,9813709,3940988,1
30524,814,2931734,6,8205855,4794688,0
93298,804,8954206,12,6282441,3680263,0
66038,696,8936177,27,103774,1207399,0
194657,799,6314533,29,23910143,2082725,1
279301,621,3752154,0,9322583,2046064,1
165839,583,4003316,7,15321111,4018080,1
117121,858,8109999,33,11491509,2612427,1
125720,746,537693,18,22596582,680509,1
220232,871,7172672,24,23963344,2228198,1
198074,803,4014044,2,10991662,3117527,1
42256,543,4010092,15,17378002,3014286,1
100899,611,8246904,32,16072085,4822116,1
200407,698,6694832,28,453639,4778446,1
128833,416,8690866,20,19115867,3869073,1
144220,698,2772082,33,13197044,246697,1
118733,310,3192563,2,24996690,3858835,1
281912,756,7728457,0,2951215,154844,1
76915,736,6306239,9,2011905,3802299,0
59589,858,7798604,6,6857155,884387,0
119397,715,3739848,27,12872982,1020221,1
164818,315,2389950,12,3167973,4786175,0
274599,328,3088381,17,13919850,237442,1
117625,549,7263269,25,9603280,4086557,0
287236,570,273481,27,10286096,621885,1
219600,684,1862013,28,13615271,565211,1
171287,812,6482123,20,11587088,3950987,1
65111,421,1337100,30,4861870,3447698,0
253410,477,6548693,28,23598983,4713431,1
128590,368,5831171,33,2660714,1232255,0
296535,534,8971145,14,3571772,584467,0
56311,489,8760429,33,24843765,3057349,1
155512,328,7048412,3,21374084,1276271,1
263403,878,7561750,29,8496615,2963406,1
125994,681,1110292,6,17628601,4403415,1
242232,618,2206638,23,15135811,1464143,1
178949,523,6512044,11,9041611,4569715,0
281987,769,4736157,9,380627,4073272,1
155866,631,906915,4,6600121,3373423,1
78257,472,3367713,9,10588313,3907249,1
221966,724,7472418,7,1532534,2701627,1
215683,676,5192549,18,8948764,2802007,1
281813,425,1389120,26,22259608,2141302,1
299733,666,1706178,16,7022697,2414889,1
290689,393,8008456,33,2809728,4623204,0
241893,707,6644411,12,972195,2547412,1
128605,521,9308965,4,2738801,251552,0
46392,407,605129,23,804207,4826619,0
192128,610,8337283,24,7495182,2989671,1
282150,888,8707635,4,19560293,1884189,1
254588,313,1647670,15,21462934,726776,1
102772,605,7200130,18,10736449,3693884,1
156475,308,7614968,24,23302279,2266858,1
41772,616,6474898,23,8268986,346764,0
248192,522,5906298,25,12004442,940423,1
35118,693,7759981,19,20433219,1538125,1
121149,357,3340289,16,9714939,1354006,1
59415,563,7830653,19,7388291,688446,0
36395,698,6261054,13,13847771,4133519,1
186377,640,8972446,7,7377908,3968399,1
266347,511,4111903,8,6315922,555954,1
170419,826,504864,14,3933576,819486,1
108366,301,911208,32,11656914,2062242,1
138288,641,2811639,7,7594806,3369810,1
225923,633,775618,18,7880351,2489492,1
35167,538,7953665,35,2805623,1927618,0
186994,405,1586310,16,3718230,2695080,0
91068,634,1002763,13,21442668,789847,1
286879,756,7122311,8,13040564,3009695,1
128399,718,413156,5,23472884,3485760,1
111137,734,9726113,22,8076535,1644099,0
191890,520,4101791,14,969617,1196311,0
92350,823,4287222,0,3514115,4419628,0
242629,693,8070982,10,18959141,616147,1
81484,480,7222640,13,4231208,2720579,0
155983,593,9944473,2,5898227,3789354,0
171533,367,1323863,18,4243472,47659,1
226771,454,6698493,13,15270460,2863171,1
32363,710,9000091,31,6587254,3930667,0
151804,629,7233599,24,8230508,4248193,1
90470,735,690225,1,15677547,1996053,1
196078,815,9929227,18,17096167,3216219,1
248030,575,3413466,19,1157317,2216438,1
284699,459,8227038,22,9711974,3066207,1
293099,506,3757773,9,6342113,794555,1
256941,680,7406824,21,15247788,3324233,1
229854,685,9698615,35,21796264,3426243,1
156321,576,8821550,16,7035175,942342,1
234128,808,5080736,6,13351755,4637070,1
157372,399,109567,10,13427401,1482220,1
48801,825,3371501,10,20108114,1758631,1
283504,376,6672455,7,7740313,2074960,1
108008,528,3150127,35,16448959,1019158,1
148526,345,1933242,16,18375468,61273,1
231143,424,8155400,2,14694275,1633999,1
135838,507,1164191,14,19222597,2167834,1
211948,638,7266938,30,2212083,4775455,0
86146,537,4040024,27,2718151,1278972,0
291375,696,3882156,29,23754659,1980212,1
238965,879,3193829,25,18680361,2503474,1
282601,470,3434835,25,21105432,3155598,1
70533,873,2526551,6,13472177,1364664,1
179009,430,2929199,12,24107439,4640890,1
171232,343,8911877,4,14453664,3591946,1
226620,472,6867535,31,21634039,2493564,1
212343,842,2497105,11,12916361,2333639,1
207104,580,4698812,27,8797907,3389647,1
97724,470,2054546,34,8733687,2617146,0
164436,865,6555794,1,11280841,1957203,1
207141,428,7633981,35,4598613,1247411,0
159780,467,1313247,27,8840145,3561448,0
103967,815,7284633,34,22158050,792048,1
73561,625,4989393,29,15672474,1959642,1
118001,576,4974173,5,12775198,3752653,1
288523,751,5552149,24,3049752,1416073,1
161199,537,4533466,25,10597556,2146230,1
71599,679,4008564,3,17841800,246469,1
205148,339,1442333,29,24022443,746644,1
276611,558,3452304,28,24747671,4014180,1
201081,752,391248,22,17676565,1653970,1
284119,781,1137459,1,21825527,4591310,1
239761,841,2862375,32,13120271,3408868,1
47293,557,620451,29,5209552,2647676,1
279586,686,3173798,11,16146049,1554655,1
40741,763,923991,7,7729820,2533013,1
154197,486,3823228,13,23799485,642109,1
204734,502,5958924,31,5050600,4377509,0
166956,550,2759065,2,4338547,2799781,1
47906,430,8406698,7,24946579,2066153,1
216087,647,6214516,26,1023360,2567570,1
102148,776,2212792,11,15922644,79402,1
135395,369,7926959,0,22940017,2527041,1
255392,801,9078210,35,16252923,3019943,1
45716,893,7228306,12,10145984,667393,1
122149,521,5035269,14,358884,506864,0
91486,847,4124617,13,24397537,2934,1
181379,869,1653918,4,8512033,2309889,1
217539,882,6901196,2,6941694,947197,1
64254,845,653736,32,20785437,2628285,1
121733,730,1540822,1,14796679,1046364,1
66939,647,9138364,33,22665887,4017945,1
51797,396,4903321,2,7626120,2257933,0
202496,558,5264976,17,24443275,2104042,1
58557,391,5049940,34,19842311,1458661,1
243466,456,2660213,35,10713900,3451403,1
33537,520,6217180,29,4278155,4338721,0
44372,787,8648491,25,24850245,3703657,1
178740,678,195131,29,6721675,3245066,1
94371,464,342467,11,15077320,825937,1
183143,774,7919822,21,11622705,1715647,1
188381,794,9743344,24,2281885,264798,1
251524,841,4348831,22,1384142,3572135,1
171291,796,4157893,29,19621098,2878615,1
166475,537,9463535,8,8390949,3172458,0
152405,315,3028095,8,21812076,4079473,1
155303,689,7919875,34,17607939,275088,1
65311,525,455401,13,10861392,4688300,1
290245,703,3809022,24,3626075,3189757,1
153960,639,8741351,18,22521511,4718173,1
261515,496,3150628,23,12319402,289919,1
294568,402,9063766,11,9066312,2431268,1
280436,686,5600839,33,9124833,2821417,1
138310,435,6332785,35,7332345,1535227,1
139974,510,1691355,15,6006176,1625938,1
122613,870,7084708,19,3119274,2205776,1
90286,790,1321633,29,21939211,2103230,1
94880,611,5779659,12,7621940,2795294,0
65205,728,7898994,1,12468903,344404,1
81441,324,7875242,31,20235003,3334984,1
77835,465,241347,3,19299963,4520981,1
152037,749,2214644,25,19283897,1617913,1
71860,423,9752825,10,15465212,296584,1
153517,319,7507571,3,23764056,2811897,1
40081,423,2038703,25,10643889,2436491,1
61615,777,6288944,4,7464478,922116,0
218193,651,5821493,4,21876347,1055596,1
40801,698,4658821,33,23153076,2722215,1
239778,690,5649486,9,23561818,4158571,1
140511,853,5218542,30,5014150,2311260,1
55707,447,5701020,20,18894080,1879234,1
98717,844,2184398,34,737207,1808318,1
265711,862,7013903,2,11977660,3765836,1
292456,332,3168594,31,13485850,218003,1
139984,857,7936272,18,17096638,4382659,1
165832,402,8934637,4,15809075,2176116,1
98567,318,6762575,7,9274082,75138,0
150084,677,291749,2,5652753,1307412,1
188547,669,531720,31,9905055,4255813,1
239658,432,6364482,31,11683260,4510718,1
46425,822,8149045,7,12617776,3952811,1
299802,879,583868,20,17757406,2691510,1
247161,493,3596431,35,4907688,4744707,0
139769,824,1560069,24,19569450,1651558,1
272040,549,1842251,31,8294781,4980678,0
200536,599,5728903,33,19725371,731738,1
231121,492,1862582,25,20454491,1127138,1
264191,617,5613320,18,13941168,3102308,1
199876,319,9748255,17,7882302,4234893,0
230563,530,8645139,33,17698200,1751515,1
248153,884,574254,26,17201595,45385,1
65738,753,9645003,28,7024641,698728,0
38711,815,7934070,4,1839118,4584863,0
136773,539,8066916,25,15968153,3636396,1
106712,466,6219465,9,17439101,2248625,1
183800,638,772850,19,16365821,3078385,1
68476,362,6461084,17,11094600,2848737,1
75773,673,8818184,9,15036170,1038590,1
231846,355,1103325,15,1461593,3497192,0
99193,452,6741867,20,2301492,3631758,0
68724,424,9092405,14,1253916,2382477,0
232502,674,4218965,27,14763480,3418182,1
32601,374,1041092,32,9970357,645271,0
260632,713,7455266,15,12807431,4673266,1
112375,628,9846873,14,2116860,140207,0
150866,715,1069608,6,12093963,4331999,1
85577,704,1677377,29,16310500,3407158,1
179247,462,4887228,17,19627523,1694649,1
118499,536,6127533,15,13753488,1300432,1
88447,769,6175855,6,12410120,4926412,1
31962,540,3730912,23,9669429,2434870,0
112210,491,682620,19,4443408,2684507,0
235662,533,6173464,24,3516623,3072846,0
95921,634,5173750,12,21503165,3986989,1
259066,632,3110822,17,15157012,4922274,1
297633,325,4821946,5,8433976,1440416,1
243214,674,3950199,21,8144839,3597698,1
86924,666,4420847,30,6524713,2113406,1
73549,316,2636113,15,9484346,1783726,0
139219,624,8818153,31,9472235,626970,0
212517,762,9535784,23,6565776,2468158,1
230589,362,3049131,13,23049958,909027,1
51888,775,9495782,15,23154366,1960288,1
268613,822,8371050,22,13476788,470733,1
132286,614,7745883,21,10488182,4053822,1
90045,770,1568399,33,22957679,2891451,1
244430,789,5803210,16,14081046,4921952,1
93950,710,9433773,33,24293677,4458844,1
52006,490,3914170,25,9939704,3750517,0
272587,700,9643609,28,17080311,1883461,1
299975,450,5455261,6,18167987,4561346,1
100713,696,8651010,21,12270410,511004,1
53702,768,8591214,29,2572510,1158982,0
121908,434,3507188,1,4553008,4655477,0
87314,325,2041176,33,21210208,1121229,1
202648,628,415249,14,23116638,2529250,1
283401,310,2279284,1,14678574,4128810,1
279264,402,4652059,29,6669821,1455110,1
93047,703,7432264,21,20615567,2387197,1
31770,778,2763846,16,7448125,1441911,0
34662,716,5258204,31,15126796,3329525,1
143980,318,7370158,0,11265249,833917,1
78095,666,759957,11,9614567,656900,1
129121,451,4492698,32,1948510,416887,0
51071,823,7157646,31,23081163,692432,1
67995,853,2688345,13,19160776,1218379,1
126440,542,4395914,31,18843587,4021583,1
181134,526,1987560,31,12116309,4964241,1
230835,834,6552055,10,15476853,29571,1
256520,558,6576525,26,12289870,4511655,1
266421,778,4904470,8,3864419,819880,1
184170,715,3664768,21,23374810,2606431,1
242523,463,8743801,26,463291,4145388,0
235906,546,1420670,30,3742649,788144,1
111704,482,3320456,0,5571195,1742354,0
288915,392,7237151,17,8168539,2161973,1
289443,394,4527280,19,24859468,4048472,1
173868,635,4384191,24,11061261,3443,1
281748,392,2370648,1,16912453,1069887,1
290270,848,5374976,1,17207771,4821306,1
50241,844,2879125,3,11228108,2856189,1
181962,328,2226690,11,3887152,3754253,0
255365,482,9638333,7,21239002,203476,1
82835,513,712753,11,11028457,208245,1
168620,373,100833,13,16259397,2334999,1
258029,501,7641480,11,18986766,1814208,1
140032,710,4566901,20,13707440,2958946,1
171041,637,3642689,6,23732233,1576070,1
136010,329,8715642,15,12745973,1167878,1
107695,871,8760654,35,5009034,612657,1
196845,522,1924993,15,15512416,1991118,1
169793,562,8957415,21,13663446,4115217,1
204155,489,7578524,30,4212303,984968,1
95437,314,9695404,29,3276582,828463,0
54629,751,8188427,21,12059928,31252,1
210730,817,1435139,16,17999918,3134548,1
238332,634,2961735,15,22609791,2864046,1
246665,618,7740989,28,16294672,2812121,1
234281,517,3158009,24,3638253,3976006,0
110530,861,8726727,33,20336544,4090214,1
130762,467,6137439,21,8038348,1638068,0
191258,780,6748071,17,979186,1805715,1
187983,464,2945215,30,22602665,2147266,1
163258,833,2101891,10,3726887,2533104,1
87345,855,2402840,4,23237974,768709,1
142304,478,6588649,1,22201737,2174119,1
121643,353,7034899,14,215917,4503260,0
66428,760,8715784,14,4794532,1035251,0
291583,568,4904148,10,9589289,1139251,1
222830,658,6516454,7,8577909,766747,1
107347,826,3670405,21,7827973,1750781,1
210799,681,1434899,16,13167623,1689933,1
35532,870,2740220,17,9195321,3195815,0
50671,355,7185408,18,2907937,2244636,0
246204,362,6148310,28,9877901,766093,1
134039,398,4217506,25,8790231,3252943,0
66351,832,3142044,14,12589337,200867,1
54616,562,1855294,33,8940992,1427649,1
71646,840,4190084,3,11754782,2213433,1
258978,731,1732789,25,23487303,377563,1
148672,788,3312719,30,7910130,1148344,1
158088,869,8838104,27,7072752,4634656,1
100983,334,7083522,5,14944605,973680,1
296845,614,6300861,23,9939042,938051,1
227449,457,5880328,12,17674529,3869757,1
33747,696,4798087,32,10974623,2034916,1
199766,654,6455919,28,11246240,2167936,1
231163,312,2146588,9,5178123,3501150,0
66792,503,5239718,33,7978074,360132,0
224279,848,1368069,32,17124770,4421841,1
291771,472,3478044,21,17833090,832499,1
266836,877,6825648,28,21341407,1458560,1
278783,572,2594022,5,2633899,1893228,1
38584,540,9468102,0,23200752,2818538,1
264475,805,8705297,10,9496347,1378450,1
99421,549,2929702,18,963637,773585,0
297865,504,5219315,7,7546006,1825605,1
50391,690,566389,15,6067656,3411706,1
60459,613,8498628,34,11566327,28361,1
225517,792,1694244,14,8002886,2691876,1
200076,555,4993969,32,21690390,1114939,1
82547,644,5347370,22,1200420,1597262,0
105033,591,6126456,7,23722424,1962327,1
61302,724,6396472,35,17034364,1842930,1
297783,701,7098677,35,2315877,2959784,1
213629,627,8379356,4,23358502,2689941,1
135961,476,2742461,21,6536301,490737,1
69282,786,651105,15,15873993,2718249,1
275968,681,9644530,9,14242399,757025,1
222478,725,3421131,34,3521229,709607,1
105458,632,9284367,28,16713462,2494379,1
88703,325,9126890,33,18374879,4392405,1
36949,571,5441690,19,13252970,457425,1
182394,388,1678847,14,961629,1302524,0
207227,455,3506004,25,17981527,3539180,1
279225,846,122465,4,20896836,2197802,1
292329,461,9589035,28,19464656,1237055,1
184407,883,7433201,30,6012728,686788,1
49654,803,7824405,21,21611446,1216421,1
282413,800,695998,0,10897038,2910090,1
239258,464,5421179,19,23756961,4123960,1
155992,314,6142095,9,23145854,288001,1
96571,815,9813457,12,21049711,3783180,1
150857,823,2501856,17,14069995,3773901,1
143481,355,6523202,35,14790461,3025146,1
180169,883,6871056,27,1080769,2087934,1
115408,725,7177765,23,20341453,1744218,1
109572,488,5675116,30,16823235,4307612,1
171786,874,2035461,26,16359799,2318271,1
197544,811,7974883,32,274064,2699164,1
284226,771,2934433,25,16957153,4671150,1
38012,404,6502581,5,171769,207960,0
73062,762,366899,15,1367244,4383410,1
111715,346,6489945,21,13985944,3149890,1
73701,419,8296539,34,24418655,3445827,1
269264,736,4773784,8,8424928,1818260,1
129504,543,7107947,6,12469007,1706093,1
62433,471,5896494,17,3793945,2685060,0
64064,717,2027800,2,14244557,2223037,1
294426,767,4137592,6,13853368,4650921,1
198297,309,7703615,28,2981501,2818458,0
78971,419,429654,14,16232552,3823764,1
168295,879,6190631,34,2585721,1733304,1
88109,594,9401200,28,20717830,3436255,1
218490,421,6583358,4,14617083,275047,1
220446,519,2464954,9,17226278,3678969,1
276267,889,1195938,24,10442741,3154857,1
107816,522,3555963,28,18332241,1347729,1
89023,435,4853500,32,9395611,446919,1
42421,689,736565,14,8418941,3292344,1
112810,563,1880211,22,11487199,812879,1
264541,447,3304054,12,15936524,2172181,1
76013,794,579857,27,21835433,2775849,1
77829,839,3010917,32,19294829,3609697,1
162751,317,8465005,24,4723726,3438536,0
276829,688,942961,29,14966966,904769,1
233202,711,7459962,25,933192,2592019,1
296759,590,2450587,16,2007944,4317545,1
107642,682,8065634,1,5461576,1696099,0
89370,784,6785936,20,7759120,1223150,0
221424,736,4882783,17,14026682,3118122,1
274017,862,5914690,3,12303665,1770964,1
295555,837,8041719,7,2577006,756104,1
256843,458,5219148,31,8558129,38467,1
117520,790,1201612,11,20238459,484940,1
249015,866,7645174,31,10084770,3614426,1
94148,839,4575133,29,11599572,4607680,1
279869,572,1506834,22,19842653,1376530,1
50917,727,3108610,29,16173281,2243691,1
257073,578,258929,14,6178015,4608785,1
161898,862,2741083,28,9743603,2647292,1
252467,587,1475896,32,7095945,2550657,1
69267,676,1176590,26,24287659,2397430,1
251271,633,5615128,14,4001177,4065986,1
133593,688,829663,14,3668820,467230,1
186261,450,8736190,15,11192031,3734677,1
128244,665,4479533,19,2807094,2611699,1
38448,574,3163923,25,11506103,233155,1
254596,379,602955,12,7873546,243542,1
288949,431,1960679,19,5414193,765049,1
206606,578,400329,12,5674140,1384201,1
37167,683,4734728,7,9426227,2766295,0
294034,409,5587261,18,2433287,3998194,0
297890,331,8773822,18,16629617,4685335,1
292161,646,1396502,3,10047338,1425014,1
171989,435,2400803,2,15005079,1194602,1
107262,892,8925740,0,9760558,761276,0
280860,822,8744022,18,14067082,2706364,1
100851,362,6638787,15,15353344,3224056,1
74350,627,4486353,12,22963999,2933193,1
152627,361,7835171,27,8237409,4997706,0
248782,691,8319629,4,24945200,4143972,1
155228,411,9815875,7,24366705,1737142,1
161784,511,6115584,29,19132117,768292,1
38586,878,991739,13,9375123,2467980,1
236310,312,7849165,14,21838702,2886567,1
246896,452,5243443,28,14246240,1776545,1
179471,689,1670022,19,2961435,4951628,1
148610,333,9285700,22,21144978,1138776,1
144587,480,8388542,12,12273910,1692632,1
75022,707,9999287,27,16890287,2034011,1
79184,829,5914153,29,2326810,1835667,0
123406,730,764848,15,1138710,1906954,1
59123,819,7837210,0,12901454,4068394,1
206004,848,3436267,5,22936438,4867808,1
297686,654,7770461,21,13726978,549588,1
198079,589,1284351,35,5875883,3323190,1
42466,772,1824693,4,13295946,442503,1
66570,460,2950864,8,15483923,4572149,1
203989,668,7854421,10,17767966,4919169,1
147817,596,3934728,4,9078074,4635073,1
178718,362,8727168,2,21890709,4684880,1
218402,546,8148156,5,10209906,1404779,1
242592,880,6593932,1,13453640,393796,1
93500,337,1956809,7,17498924,4336078,1
174982,326,616224,7,7163623,1221806,1
204810,654,1792794,19,14254608,1546265,1
286099,324,3079738,13,7951366,1889082,1
207846,462,6353070,35,5727410,4298536,0
66144,463,2118947,32,1874476,3054123,0
142898,679,7401491,31,16426876,661930,1
224164,581,9301593,14,9437132,2042654,1
243544,496,6306036,6,15998038,2925808,1
270605,571,2688063,7,14452952,419167,1
104766,352,6075551,14,23462285,1185142,1
86332,765,7668666,13,21932853,1342879,1
237458,868,668195,17,24139067,3728157,1
73877,539,9378183,21,19473188,1219107,1
157697,416,1157432,33,11637626,2493276,1
185628,722,4306540,15,2049726,1144973,1
259008,355,2363541,21,23640023,718793,1
133179,369,5552730,23,20071220,4079041,1
233500,305,8286700,8,368730,2082321,0
209055,608,9358098,24,23589467,608649,1
87474,521,3402699,32,20039056,4851696,1
231374,590,9208391,27,22800157,182806,1
297718,456,7314912,21,13063330,3927321,1
188950,727,8600439,7,19428135,2961991,1
135912,848,4511085,15,7361746,2731143,1
163030,501,6759618,7,13282507,2912152,1
238978,860,8992138,19,16113724,1464372,1
87257,704,3682931,9,6963775,4978839,1
58664,779,7570408,32,12407635,1429025,1
299547,365,1404972,6,8246302,1573140,1
106509,668,2262161,28,17595711,4256057,1
232977,615,3524452,5,7493002,1715622,1
118151,804,8043479,25,8022287,1163602,0
228003,567,3830620,9,21628362,3394143,1
32340,756,1177290,25,7898029,2292390,1
298737,334,2151906,19,14071555,2722501,1
242278,801,3781685,6,11450127,4682715,1
229078,768,7351784,25,7310498,223185,1
202778,752,6587688,34,4419492,4559290,1
75457,830,4576601,26,13658942,4107232,1
211208,672,2862710,30,1853480,2634621,1
129205,846,1155852,6,12903662,502359,1
40016,757,2545731,30,8644332,1776220,0
247308,380,794747,23,339857,4061756,0
165817,824,493060,12,19141201,405591,1
37893,646,3666724,4,9434678,4470070,0
273847,396,3885176,35,3725114,1490715,1
190533,466,6158341,1,16125428,4350164,1
130243,689,9712212,4,5925492,707971,0
121349,330,9135315,7,7822759,1768894,0
197721,308,2689711,7,10687576,770522,1
118833,743,6521904,30,23258548,964346,1
176156,481,4890088,24,10249537,2255435,1
159296,388,9110663,21,2502119,3623412,0
204361,604,3456642,5,11227941,4751301,1
132650,742,1029254,3,7374278,3379108,1
142312,629,8460312,6,8369528,3347934,0
98329,698,7708896,10,13272984,2049345,1
147148,751,1465159,3,8415439,3443963,1
108690,529,1714337,34,19902807,3320734,1
105647,578,6195810,7,19336126,4863351,1
66671,657,2843353,30,8750151,4069489,1
87870,787,4750608,23,18023353,344158,1
91081,529,386530,6,2929030,2390091,0
153606,590,3132620,10,682333,4720774,0
276536,897,2984067,6,4520270,4450663,1
175842,486,2965351,9,16630534,4549408,1
133899,772,8666310,21,12149465,1916497,1
132618,615,1695673,9,13180637,1433373,1
89392,512,437384,10,901282,1925128,0
98366,853,4249374,7,14871029,1531123,1
191629,412,5466409,18,16976441,1002096,1
61890,838,4401528,30,9281764,667315,1
265166,737,8117317,22,11545016,4806870,1
35457,614,2532721,3,6432408,1150283,0
118502,661,1050313,1,19571811,1678100,1
45443,523,4939016,30,731902,989743,0
129858,813,8236828,10,7455319,3575522,0
92252,384,2122710,29,8712784,326417,1
50606,695,3408144,32,3634797,3534341,0
184336,633,4304123,16,22101181,1662683,1
65791,426,2794265,27,17489836,1455382,1
33365,789,6634576,8,5147055,1662587,0
142695,697,6043753,24,3357889,1176173,1
156600,542,1394887,10,5719643,2970931,0
234880,534,6987173,27,12858043,922755,1
198680,682,489812,24,993937,4199207,1
285323,680,483762,1,7548763,1166527,1
152739,466,1046985,30,8665208,3040554,0
247924,890,3503548,17,12932356,1216754,1
86303,322,5512394,34,16965640,4993547,1
74017,465,568072,6,20747334,1276169,1
225523,727,2458615,13,4810825,1601742,1
41920,595,4073085,27,6299824,2148481,0
220741,730,5675821,0,10650104,4738686,1
222501,429,3329620,0,15938595,3026289,1
106297,417,4555996,24,23849696,2599469,1
43696,347,5030218,25,23066661,1912877,1
160606,693,1023036,31,8364064,3677780,1
113089,534,4861275,20,5848223,1063621,1
112651,537,8191628,9,4130815,1622211,0
171343,554,3716522,29,15623421,3956812,1
262207,483,6117410,33,1647866,130865,0
245668,723,9669495,26,2702782,1178883,1
178436,616,4485650,22,17552081,3691803,1
271007,580,9753222,18,10592999,2344876,1
30336,471,9216762,4,23014781,2355605,1
96320,581,1481603,1,9597590,3648783,0
43499,560,853072,35,6670212,1238455,1
110256,535,5692296,29,21323277,2456249,1
125353,306,881148,29,18123947,4865029,1
74662,421,8815721,26,19756017,280792,1
35739,378,8103895,14,2108310,3211750,0
37609,859,5711121,12,1839893,1821674,0
75644,344,2931223,3,6989121,3586821,0
40981,542,6652713,19,2950529,1610614,0
148830,772,1005189,16,24045944,3016521,1
117924,377,426445,30,4149678,2661409,0
192869,605,4430390,26,13456298,3480016,1
162531,633,1819280,0,5057960,2732372,0
94157,704,7091199,28,2142107,4261757,0
35313,877,6132523,1,20015226,3209903,1
94971,480,1838233,12,17652663,1292700,1
264556,885,8290731,34,15900384,4243983,1
78348,384,9488862,12,23830155,883943,1
95282,568,4017295,28,20800729,1283912,1
291270,594,5913406,33,14727850,657576,1
202369,342,4325212,11,16503361,2189785,1
81372,762,7704994,6,5455068,558839,0
108839,439,3256349,20,15241516,2567322,1
41305,847,4780231,33,2101529,3050522,0
235505,560,6356478,21,19188784,1781026,1
96364,800,5267364,22,22886510,4462841,1
74669,844,3174745,15,22681427,1237325,1
112538,754,6651852,4,15640080,1172774,1
268505,522,8766698,5,3562349,287210,0
262500,543,385244,26,13471860,3145625,1
42714,728,2125745,5,6013510,4711281,1
269335,832,837019,18,12712013,671980,1
101047,854,1006526,31,12368727,217837,1
253334,638,5032785,24,15529264,512877,1
95228,360,2910456,8,24041587,2690811,1
170609,827,7025727,17,1335560,2309557,1
263298,621,5860789,16,15664261,4642604,1
168357,664,4588182,2,14382995,3003813,1
264845,863,1706004,0,19035795,3402057,1
216417,515,6643383,13,16537043,1892963,1
249206,611,6369549,12,15094383,1634212,1
85565,445,9946994,8,6918167,1038083,0
256533,753,6777834,22,20260127,2535352,1
188148,821,1138650,4,12831168,4285593,1
218929,430,9183908,19,19869743,3908517,1
263766,726,3728592,21,17120122,572142,1
260524,810,8803179,5,13720333,1763824,1
194762,394,1155070,6,4825722,3723489,0
220448,870,5746090,24,13838034,2213140,1
174257,727,4941907,5,14705698,4534869,1
188997,752,6355176,29,23461812,3630308,1
155770,325,5233950,19,23129519,3136180,1
119867,716,8912460,33,22267704,3413795,1
184408,778,6895185,12,17472236,2073964,1
114231,458,5521141,7,8584088,313248,1
255436,900,1587309,2,23083284,2267774,1
85777,786,238396,26,20065785,4151232,1
116457,723,4240460,6,14573136,343403,1
119271,699,8673786,7,3820607,3088635,0
275687,494,6514051,17,5423776,1989000,0
200616,631,3318524,21,16455952,1610849,1
47243,597,6977520,35,1539766,3394063,0
48683,467,4714080,27,18944543,1829934,1
113766,627,2102362,16,13568180,511392,1
259861,556,1729862,22,8078285,4148327,1
157464,659,3519420,33,2629717,4947002,1
188485,528,7942259,28,9982295,1003598,1
173176,395,1041240,8,4227151,4742014,0
227793,822,1532891,14,22183502,4910778,1
149534,323,4945126,29,1955441,3835932,0
177721,676,9865347,13,12391353,1787571,1
151626,369,5156833,15,21379611,2417762,1
263211,604,9599168,20,14460485,1794395,1
299840,391,2726329,3,5394574,3844456,0
32105,455,4883887,32,4984176,3290773,0
91859,467,9027721,32,21266861,3965699,1
195391,748,1218409,35,7956583,1938843,1
261520,615,7648268,19,10780070,2310627,1
266185,879,7071184,20,5429821,3217839,1
131670,733,1367068,21,14951887,4326702,1
281897,379,2659835,35,18655897,2300122,1
104179,579,3015841,7,24122302,4681123,1
178249,585,3316823,26,24615177,3419388,1
52856,423,7357060,31,3214236,832198,0
221188,478,6483232,28,1429602,148326,0
297368,481,2766132,30,22361708,4879382,1
112980,685,9939059,20,20249702,4902340,1
34744,520,9557434,3,20438001,2440126,1
90261,555,6459042,25,12431067,3246733,1
228865,820,7824559,35,17527676,4382760,1
153855,441,6427832,10,12816706,154086,1
227954,366,8591821,30,16810323,3372462,1
49750,358,1893427,9,12581048,4266678,1
267049,802,2891947,1,14259080,2094458,1
233498,533,8005137,23,8101044,3384627,0
30047,554,7633552,21,10240523,3324789,1
64754,522,4690144,4,8855866,1773181,0
147793,760,1985555,18,6499965,3197145,1
208662,848,5229900,1,69930,626737,1
230149,374,8709897,5,24046875,4115860,1
118587,372,9017414,24,6941237,3196913,0
266455,689,2496075,30,23714242,4881133,1
292643,661,5456695,16,22956161,3004614,1
165119,754,8100054,9,7238414,1499862,1
109815,624,9698442,16,729444,4470450,0
153589,853,2568824,2,16947124,4155856,1
210924,358,9108341,10,20322998,3781109,1
279024,893,6339574,10,11955863,1643077,1
84689,596,9099231,14,19823482,3969037,1
283950,574,7838015,7,2748310,1636053,1
266911,757,2831251,35,21131664,1392872,1
155663,762,184235,19,7186995,75339,1
215621,873,4503334,21,14019957,4710482,1
263959,361,6549401,2,9992532,4480399,0
235989,332,7833865,26,8866102,4697336,0
194947,786,6666969,35,17777736,952765,1
59096,347,614937,31,5295233,4205676,0
61071,432,9872338,9,11976628,1611008,1
81405,618,2629478,8,10794423,716702,1
47826,846,1115509,17,5904506,3855430,1
177540,762,4901984,13,2828749,3600620,1
151504,730,3682358,8,13311269,1270091,1
219183,469,6109711,20,13113392,3966844,1
93338,534,7778341,10,24999509,2923663,1
236644,475,3352400,17,12200997,2288411,1
67857,482,3748595,4,10084750,2839213,1
40356,307,7673420,32,22715672,2158002,1
299530,421,7198368,34,20285074,4570090,1
75713,810,5756225,29,4779001,4020120,0
244091,833,7414607,7,15024594,1508176,1
206621,882,8621082,21,17049905,1005323,1
132974,648,1767884,5,9341258,1957839,1
118383,352,1598727,20,19948102,4366456,1
157804,597,1745290,28,10164584,3716992,1
76346,665,4202112,8,10039981,3499776,1
63840,636,4335005,16,13989665,447499,1
191903,389,2730032,30,1416339,1238441,0
102303,567,2929673,10,19529349,1464817,1
203219,535,480450,6,4291557,1740125,1
266794,554,7674855,8,11205687,2834823,1
79314,476,5484611,19,3374385,458203,0
217401,677,6987591,17,24510559,1410724,1
129790,605,2060829,32,18635838,3629963,1
245805,575,2873935,28,24355962,2646371,1
202608,863,3304095,11,13065556,4639864,1
209312,623,7421841,23,7845337,4126566,1
249851,529,186151,22,3283787,3507346,0
33281,427,3541708,12,16165888,3909093,1
277587,457,3342416,24,8937836,2320082,1
265076,354,9299812,1,19015079,2174424,1
138546,660,7341128,3,7859874,62624,1
31452,493,1353208,24,3282260,3980131,0
209206,651,5350950,20,24647731,4154673,1
281045,488,3828841,18,21263984,4317388,1
90932,725,8356283,8,3823874,1880269,0
228683,370,1273551,27,15681572,2907637,1
247706,896,4727007,8,9360590,2979353,1
82527,666,5378857,32,1920419,1986290,0
237095,857,8659156,34,9585877,1598943,1
54186,409,1143000,25,20796351,4826669,1
245326,710,958273,18,14266360,3636499,1
206677,327,5624527,0,20384536,465132,1
136789,405,3524583,25,20492014,2341519,1
134663,594,1414718,20,21732730,3712974,1
202098,746,2386152,23,14109741,2862318,1
142010,582,671358,32,9075118,4540639,1
82475,738,6135327,18,20857850,3844379,1
105630,898,7394414,28,9062466,2470641,0
36727,832,8379585,2,16860929,3566709,1
100449,342,6641984,3,23424081,4922596,1
164412,705,6350812,16,23939879,2944900,1
176208,699,6355267,22,24951778,1235780,1
104234,606,5003495,23,10624382,22371,1
65832,403,9971518,20,12104507,4554690,1
121484,596,5478690,2,16536670,1185232,1
253076,536,9965781,1,20189960,3067466,1
196262,504,1679495,32,14470566,4272626,1
107584,329,3563457,32,151285,336457,0
173891,758,8779401,10,18458956,1437307,1
267069,401,9168518,6,6961511,2884101,0
96581,749,5677314,13,10351890,2668611,1
125008,671,8791769,8,14825927,2127286,1
116542,691,6314611,13,24291301,1251698,1
238472,450,369273,11,6968961,1377364,1
273746,419,1116254,5,3874419,2739272,1
141011,846,9310875,3,19459438,164039,1
210232,757,7037996,18,13706088,1801232,1
280621,467,2481613,12,16879353,183058,1
183053,579,4578933,9,14325898,4353875,1
189171,365,4290825,33,13117110,2760647,1
125922,888,2437434,34,9598584,346550,1
39578,676,7509931,24,6727030,1488003,0
62912,507,8066785,11,11497314,4609462,1
171558,782,2826893,7,23155834,901828,1
281733,741,3701968,25,4606835,4366509,1
30500,502,6909399,34,22020426,2631842,1
295643,508,9418037,21,18798962,742661,1
160612,552,3571697,15,14375247,1225221,1
288248,476,6867931,33,19088172,2239571,1
96857,443,8581072,11,22320167,774073,1
199685,625,8321878,15,22599189,4645403,1
120734,566,4166875,22,15750527,4101916,1
239044,356,7286579,16,13726845,295728,1
211715,370,9942200,24,3317364,2029311,0
150711,778,8671627,27,14401161,4194238,1
297718,343,3585852,24,17523796,4756012,1
286419,791,2638799,11,15295345,3532418,1
31959,455,9899840,33,14854654,4910127,1
67874,769,7504564,1,16564873,3893836,1
169127,538,4178338,21,22258885,1383835,1
202305,410,2103193,16,5372630,754386,1
199182,421,635469,2,7669794,573580,1
110721,372,5994527,2,2133012,1860840,0
256599,479,6078381,21,15468590,3393347,1
195152,317,4160230,32,12867831,1772306,1
199362,718,2424727,6,9747723,4238143,1
270009,753,471926,32,4747234,2325243,1
244370,611,9184527,24,19845276,2591468,1
282685,665,9801375,2,22640998,4617899,1
208476,314,3934831,9,758815,2999330,0
272355,687,451480,13,23588032,699879,1
39181,800,9950282,7,15272988,3140712,1
169255,712,1480550,18,13462082,1094190,1
151392,412,5769083,0,3746264,2552825,0
175752,546,5796734,26,24322972,3291992,1
45469,608,4301784,5,16345815,4850740,1
297878,568,9395371,32,20478721,4943205,1
248981,457,9847428,7,8889983,3270542,0
235676,494,9001589,10,10547375,2057112,1
125186,655,9678485,16,24122434,1934758,1
144563,448,2485140,22,5801819,2937333,0
288162,571,9946168,13,24685495,799579,1
103381,473,9138585,29,10734614,3132331,1
172197,753,8943571,12,24532483,2586755,1
252544,454,3673286,19,12233578,2830102,1
71685,314,4930230,25,14831358,984861,1
157336,330,9603598,3,6734797,4579635,0
282093,691,2095542,10,11075032,2528853,1
103828,783,2688432,22,8509721,4335699,1
211787,313,3418405,23,8994912,4473087,0
118920,879,6194498,23,19150203,1529263,1
223589,651,3960794,35,10800465,3704640,1
140196,525,5804232,9,16634538,2283774,1
288220,435,7423378,8,14847790,155119,1
105165,414,790625,22,15778672,1401063,1
215560,599,3952755,8,6115412,36814,1
299954,774,3870345,4,9531081,2810943,1
101795,761,1820384,1,8343420,653855,1
119071,822,1823586,2,13786917,3693843,1
76164,582,1284868,34,8565253,1145747,1
283087,777,517395,35,2473752,1991943,1
70839,781,9356011,5,14687681,816548,1
69934,409,6681163,24,3617341,507526,0
251766,383,1182151,18,17678438,3155354,1
157065,355,8652425,20,19413464,3617075,1
30706,450,1684634,15,8543074,80142,1
216210,354,4622111,6,11378583,4255950,1
74899,771,5051191,31,2798357,4525956,0
232380,884,5661895,0,13405952,4972117,1
59360,677,7781247,10,4248241,2845562,0
155696,814,2727237,7,18713037,4075081,1
254018,761,9798057,13,7509319,4579232,1
48756,657,5818324,5,16175419,1322312,1
115965,431,5283995,13,8404078,3369082,0
141695,458,7924617,11,14324207,1234708,1
72959,517,4636795,16,22120860,4915661,1
282902,759,264820,12,4615417,4016956,1
61070,382,1021226,24,3266418,3616099,0
199188,333,162717,16,19858873,2556251,1
134502,489,7736382,28,2656294,3454554,0
211318,835,3875975,5,870213,3364799,1
230372,870,9908783,26,21136841,4018684,1
278290,690,6870926,11,22710758,3830296,1
41188,305,7281533,27,3840654,1010795,0
208276,671,835312,2,7086811,2602568,1
240049,385,5514636,20,1249023,1411297,0
182878,609,7990886,16,4317880,3269836,1
94746,770,8918416,29,4310279,2778643,0
100610,886,6692958,19,9947934,2468817,0
229992,478,1564142,35,1572659,4300362,0
148201,382,2598034,9,24638181,4264038,1
259575,569,5973540,23,3839743,1043118,1
35194,473,2608717,25,22864100,839274,1
278743,895,1425750,9,8128003,1970475,1
52079,531,5875263,33,11529740,2509776,1
117152,606,5055989,8,10173311,2354717,1
194899,636,4533454,7,9193502,1978041,1
94436,338,3454173,21,1468452,330297,0
174568,483,9004798,13,8227328,4270874,0
189354,791,5531634,26,3877334,292137,1
74528,748,7312727,0,24793268,1016163,1
38894,364,6380245,16,23341505,3224882,1
250295,497,5275457,29,3619048,3486015,0
166332,514,8506742,33,16717045,3724316,1
243968,361,6682034,29,6070663,3312394,0
177175,729,7667414,0,14152055,1573522,1
42553,663,5089300,25,23818223,3619497,1
270887,790,2791201,30,23949102,2085476,1
36788,673,8151707,16,3846633,677772,0
101892,811,7012121,27,18299769,3691231,1
124861,790,9559684,11,24557821,3536960,1
279793,758,9063288,28,19529196,743890,1
233067,353,4939362,21,300476,1718519,0
146496,623,6297443,7,3032747,379209,1
203895,480,2036007,34,16654016,2210359,1
168927,423,280543,26,9556455,1338777,1
188309,532,8568089,29,5741150,642769,1
282439,467,3055047,28,12651018,680101,1
273753,665,8556944,32,14293836,2057723,1
108527,482,3020290,7,8973232,4554016,0
133436,811,3040675,13,1542592,4989739,1
297761,522,9156931,22,11294911,214726,1
209664,444,1416141,30,5869449,2304540,1
296606,848,7437162,23,11709435,2936820,1
278754,321,7077950,4,15239429,4846304,1
97532,694,8913245,2,14186661,862837,1
166351,485,6460669,4,21864931,3608947,1
124828,541,2168590,34,8442914,1293890,1
278225,810,203819,18,21743844,4006307,1
155871,464,5526864,11,93780,545345,0
274091,438,6321600,29,17363542,301804,1
52167,821,4288149,32,15816268,1998757,1
100554,561,6486543,21,16959736,439339,1
122195,553,6862444,7,24120576,556778,1
132160,508,4118567,20,3251463,2242640,0
210749,829,7208795,21,19529987,4258876,1
125570,887,6516924,8,5374337,3715183,1
76557,689,7077280,27,3851716,4193813,0
286325,315,2176178,18,2422902,811446,1
238370,718,5535509,4,20722789,1327933,1
136959,670,9898356,4,19271402,2072736,1
209755,721,6809717,35,6245163,1037546,1
162270,900,6946406,28,19423200,2564310,1
58881,512,8835502,31,11057001,1251843,1
162237,502,3657500,28,22875721,1912673,1
237814,772,7337474,32,21792804,1323272,1
153296,849,743580,0,19248179,261691,1
134387,729,8838195,27,17090420,687587,1
238717,322,2047961,34,1702662,4618349,0
240239,654,9547241,23,4669028,4058016,1
98184,849,1033169,28,22771186,2844017,1
184354,403,9789948,35,11093619,4754220,1
123233,514,456384,34,9131084,2694865,0
74976,882,7494319,9,5211414,2215605,0
63816,727,8062733,27,7317438,2104443,0
52690,791,714177,21,22220902,520754,1
219847,755,5976368,25,5313291,3053917,1
290092,636,1168335,25,11648673,2788205,1
184820,309,4989971,19,12049172,3328124,1
196463,554,3982641,29,6858505,4505271,1
184786,884,2936930,24,13237081,4559083,1
295736,445,531932,12,3905925,4238887,0
163328,890,3677049,7,6012192,3800539,1
252141,569,3759426,12,14811514,1073184,1
283280,784,2409087,29,20466311,3268811,1
143915,366,469284,31,14972370,387689,1
269236,892,387045,8,8625349,4388535,1
161143,880,6108797,20,20485725,743371,1
178572,511,7088274,27,3554363,1300881,0
171382,782,5752051,3,17997118,3762607,1
33402,543,8192652,24,9748855,3684567,0
193479,614,4932825,34,8942219,4613918,1
260507,888,1654538,1,9085054,2050094,1
173505,480,6120042,27,22935921,2106758,1
189630,633,6369501,9,2007015,1583256,1
203866,449,3043191,33,55876,1884238,0
162896,555,2928495,29,23253410,4412545,1
149759,418,7914995,11,4940129,4772909,0
166699,817,4214053,3,6632908,1072380,1
47666,891,6164446,17,13546456,4899650,1
227694,456,5968049,22,22146969,1872530,1
62180,359,6025917,16,4154140,3564018,0
76570,767,4439580,1,9133547,3959047,1
101354,619,3303941,26,18603321,1233044,1
201037,622,1126592,35,9450495,3682410,1
70789,695,2346523,22,20620664,1783350,1
65108,532,5543055,32,9378378,344128,0
238025,876,4307600,5,1827569,4346991,1
127783,341,1292857,9,1796390,3568214,0
223334,360,3807345,3,9755544,2988083,0
252017,557,3189827,6,5832519,251683,1
268575,612,6508433,35,12438997,3310452,1
143170,724,7670930,32,1049378,2731653,0
275903,442,3680718,12,22290434,3619335,1
168860,621,8382656,9,13260522,60816,1
292365,480,7300162,30,22564963,2229602,1
276855,794,9865797,11,24055740,4955942,1
246226,459,6390027,6,19609135,1276291,1
121094,627,9947069,10,2755490,4292492,0
254150,455,933054,4,14430186,460757,1
115867,363,3300419,25,22192272,2890506,1
240933,538,5213480,26,11913243,4152344,1
53715,417,8533919,23,17292625,3182614,1
218401,791,5647962,27,17955798,4779092,1
287390,391,7366006,8,9055153,3555219,0
64095,629,4211861,13,13610415,3674979,1
262634,547,2718955,35,9694284,4994502,0
59880,581,7338882,2,4706537,124336,0
210450,507,8789446,25,3518921,401106,0
155109,596,1144832,11,18569002,4857617,1
174919,529,5399062,23,24888160,4223620,1
114945,508,7642945,10,22026762,531604,1
42452,463,5974279,7,7763272,1109096,0
206947,855,3087030,12,10783826,3138671,1
90987,638,4560595,29,6125676,3532301,0
51860,893,5471309,6,2531156,3988975,0
211437,878,7515038,11,16147658,3846919,1
70653,421,7513250,6,23947248,4887796,1
50067,474,8851278,22,19953748,3023637,1
191893,697,6403031,4,10076214,2262855,1
176285,780,3352378,10,9498265,865657,1
226046,336,9213017,3,18708496,3110691,1
157945,604,4693054,17,19254826,4547370,1
152398,819,6418333,25,22547142,674146,1
261987,658,5573588,34,10558661,1231947,1
258438,308,4100388,5,824646,1165258,0
292381,641,8763758,30,5924429,3552985,1
190619,378,5991468,31,20051479,1821697,1
59595,898,2828450,5,12637380,3011813,1
84516,790,9024252,24,649551,1556529,0
236231,798,712235,27,6188390,3929235,1
288717,823,7287981,28,4821088,2071402,1
291188,402,3403237,21,18739988,1394413,1
272017,688,1005705,26,9595350,4808091,1
147798,854,6499722,29,14660624,3685631,1
164807,638,4934854,9,15385372,1204586,1
102840,584,9324788,21,22101830,1359760,1
192136,319,9882204,12,17979483,3005028,1
108785,716,6740052,2,23894746,3254243,1
131777,863,135438,1,1499098,2643297,1
190089,732,9200316,0,10137818,2160776,1
261458,610,1191659,4,9921344,4639583,1
33263,465,9150428,17,3282157,1850838,0
293441,661,3691749,8,17155075,754119,1
223206,484,2317786,0,12602305,4755117,1
291061,831,2089205,31,6616544,2171982,1
157630,825,6613673,9,5108796,4423270,1
223708,714,4447417,11,8267646,674965,1
279207,607,4922364,15,6146522,618202,1
74367,645,869630,29,10611105,214559,1
231680,712,2573841,12,12482956,2716415,1
141086,548,4095129,27,9798109,3855527,0
81360,680,5743292,2,18240891,100327,1
289374,618,4379071,26,14339505,1202143,1
246460,306,523941,7,22451566,7902,1
82195,345,3735450,13,19209408,4728064,1
58222,603,8361981,31,11658579,3028786,1
129931,736,7980300,23,19392796,295371,1
52151,521,9488085,28,9020876,4849278,0
129203,567,4508524,8,12559803,1320466,1
90321,398,3924537,35,7819738,1041064,1
64777,362,5959673,6,14276739,4810923,1
89218,521,222231,18,20385643,296116,1
142848,647,7786072,21,7794399,4405445,0
250663,620,175409,16,6529369,2785040,1
126568,818,1436722,6,3544314,2284792,1
227716,530,8654163,21,8809670,4964429,0
34620,788,4356838,16,11051688,4031586,1
95694,844,9514305,1,3041348,4013887,0
63366,760,2275576,18,24950167,455756,1
180240,386,7297174,6,20503493,350889,1
143719,688,8207398,6,51382,4608902,0
147560,370,768890,28,14141782,3118964,1
191872,875,9794106,24,8869605,262742,1
260260,679,8482812,19,3444974,1727020,1
63803,685,6368375,1,23699647,1838477,1
288047,445,9980504,27,11591031,2113866,1
179846,648,1125993,25,20631086,3116736,1
156964,604,8537409,10,1834423,865592,1
167521,850,2297571,14,14265439,4949321,1
297171,459,541880,35,6633492,2125652,1
35505,504,736346,25,3848043,709179,0
155057,692,6611547,27,1742854,1020756,1
252474,534,7297348,8,12200106,4785573,1
168297,521,8648741,2,15321429,2847954,1
81824,885,9307508,9,1105855,2575795,0
214300,670,8416291,12,164898,537228,1
250108,446,7145568,0,2275901,1858856,0
139322,748,4126126,18,4702559,95738,1
116865,424,3878351,24,14704451,4506506,1
57945,878,890559,2,16410604,3300294,1
274470,713,9534449,27,15102229,566342,1
272254,891,1239741,9,20936814,3297093,1
81817,845,5476147,15,18913003,2225228,1
85796,368,5969377,23,13352645,4388328,1
93109,647,4819777,10,15008152,2604057,1
268766,318,2690712,13,4084898,4707049,0
209879,448,8103158,5,14388349,4456195,1
41501,545,9710959,4,1586351,4067727,0
61534,822,2431783,1,2805151,2233003,1
229430,587,1766658,12,3152073,3457539,1
96550,554,2977621,27,18547522,651315,1
212327,684,6607664,24,18282428,4360547,1
181003,900,6797209,12,9797518,4976570,1
186968,391,2828380,0,17783055,806183,1
220894,490,3334770,4,4314829,2396757,1
77629,654,850248,24,1994774,2750885,1
166128,564,7345944,6,11008357,4568589,1
35750,840,6890187,31,1211236,517655,0
181155,335,8060385,33,22807034,2850585,1
129435,748,6872273,34,2935298,725774,1
110042,637,6325920,3,1513909,1908613,0
43934,646,8507752,34,3382997,3517547,0
246168,791,9477262,4,22142091,1724632,1
205620,454,6160194,17,1162222,1760178,0
91239,513,2586152,33,10846225,436477,1
235374,379,715692,24,4615002,2273141,1
52998,330,413557,33,17837633,865721,1
82478,502,2566236,17,21708035,2232841,1
99358,767,7101642,8,7401236,677771,1
94472,414,4108508,4,2461543,2530428,0
88915,464,8143199,20,12443098,52044,1
247632,726,149086,26,1221074,2579643,1
122767,425,6783461,19,17821571,1133057,1
86383,472,6461012,12,12222868,2637898,1
262029,539,3548679,29,2267182,2314107,0
106768,562,267522,20,20785908,2407286,1
127838,481,3634951,33,14645115,990891,1
123006,774,7062383,19,8864997,1236943,1
230423,510,5302772,24,10527627,396339,1
234483,675,5397014,22,15549116,36069,1
144477,714,6599037,16,20261329,1809096,1
256504,563,1779718,7,17271944,3393012,1
209122,895,4491113,27,9350981,3463548,1
155465,733,4925553,18,520107,582228,1
232351,781,4419933,28,15198499,3246324,1
234517,552,8550159,17,12070380,3915306,1
299767,770,6942418,10,13224085,2677630,1
123660,459,5937608,10,6170633,441585,1
241601,314,6271774,1,7658163,3244590,0
164622,636,8812365,26,1790454,2025377,0
130580,474,9044986,22,24937490,242171,1
88736,617,2426988,0,2098657,2298935,0
164868,594,2148956,14,17853360,1344112,1
35288,808,773377,10,12775499,304390,1
179997,626,4799175,29,22203439,892220,1
75070,711,2824155,5,712928,4589186,0
291633,866,1151961,8,11258306,4395851,1
251726,682,1986260,29,12797821,3227874,1
239220,378,509537,17,19658963,219530,1
212373,449,1929577,34,11074585,2542158,1
